호선,역명,장비종류,호기,승강기번호,운행구간,설치위치,위도,경도
1,검단호수공원역,EL,1,2282-553,대합실↔승강장,"(B1) 에스컬레이터 2호기/3호기 사이, (B2) 종착역 승강장 5-2 출입문 앞",,
1,검단호수공원역,EL,2,2282-554,대합실↔승강장,"(B1) 에스컬레이터 5호기/6호기 사이, (B2) 신검단중앙역 방향 승강장 4-3 출입문 앞",,
1,검단호수공원역,EL,3,2282-555,지상층↔대합실,"(1F) 1번 출입구 옆, (B1) 1번 출입구 방향",37.602571946910736,126.68766299952912
1,신검단중앙역,EL,1,2282-548,지하2층↔지하3층 ,"(B2) 에스컬레이터 1/2호기 사이, (B3) 검단호수공원역 방향 승강장 4-3 출입문 앞",,
1,신검단중앙역,EL,2,2282-549,지하2층↔지하3층 ,"(B2) 에스컬레이터 5/6호기 사이, (B3) 아라역 방향 승강장 5-2 출입문 앞",,
1,신검단중앙역,EL,3,2282-550,대합실↔외부,"(B2)2번 출입구/아기쉼터 사이 통로 끝, (1F)2번 출입구 뒤편 횡단보도 옆",37.60281965792583,126.69890715916041
1,신검단중앙역,EL,4,2282-551,대합실↔외부,"(B2)4번 출입구 통로 끝, (1F)4번 출입구 뒤편 횡단보도 옆",37.60240164722827,126.69839641455971
1,아라역,EL,1,2282-583,지하1층↔지하2층,"(B2) 신검단중앙역 방향 승강장 4-3 출입문 앞(건축창고, PSD기계실 사이)",,
1,아라역,EL,2,2282-584,지하1층↔지하2층,"(B2) 계양역 방향 승강장 5-2 출입문 앞(알람밸브실, PSD기계실 사이)",,
1,아라역,EL,3,2282-581,대합실↔외부,"(B1) 대합실 1,2번 출입구 방향, 1번출구 옆",37.592521858963174,126.71358634329621
1,아라역,EL,4,2282-582,대합실↔외부,"(B1) 대합실 5,6번 출입구 방향, 5번출구 옆",37.59194859504403,126.71311864304158
1,대피3,EL,검단본선1,2282-590,지상층↔지하4층,"(1F) 환기탑, (B1) 본선환기실 , (B2) 본선환기실, (B3) 본선환기실, (B4)선로피난층",,
1,대피4,EL,검단본선2,2282-591,지상층↔지하3층,"(1F) 환기탑, (B1) 전기실, (B2) 전기실2, (B2) 집수정",,
1,계양역,EL,1,2028-980,지상1층↔지상2층,"(2F) 종착역 승강장 4-2 출입문 앞,(1F) 에스컬레이터 1호기/2호기 사이",,
1,계양역,EL,2,2028-979,지상1층↔지상2층,"(2F) 귤현역 방향 승강장 5-3 출입문 앞,(1F) 에스컬레이터 3호기/4호기 사이",,
1,귤현역,EL,1,2059-423,대합실↔승강장,"(2F) 표 내는 곳 옆,(1F) 계양역 방향 승강장 5-4 출입문 앞",,
1,귤현역,EL,2,2059-424,승강장↔외부,"(2F) 표 내는 곳 옆,(1F) 박촌역 방향 승강장 4-1 출입문 앞,(M1) 1번 출입구 옆",,
1,박촌역,EL,1,2059-425,지상층↔대합실,"(1F) 2번 출입구 옆,(B1) 2번/3번 출입구 방향",37.553131591945494,126.7444966336717
1,박촌역,EL,2,2059-426,대합실↔승강장,"(B1) 표 내는 곳 옆,(B2) 귤현역 방향 승강장 9-4 출입문 앞",,
1,박촌역,EL,3,2059-427,대합실↔승강장,"(B1) 표 내는 곳 옆,(B2) 임학역 방향 승강장 0-1 출입문 앞",,
1,임학역,EL,1,2094-340,승강장↔지상,"(1F) 1번 출입구 옆,(B1) 발매기실 옆,(B2) 박촌역 방향 승강장 6-3 출입문 앞",37.545019193577595,126.73880987998075
1,임학역,EL,2,2028-982,지하1층↔지하2층,"(B1) 3번/4번 출입구 방향,(B2) 계산역 방향 승강장 3-2 출입문 앞",,
1,계산역,EL,1,2028-983,지하1층↔지하3층,"(B1) 물탱크실 옆,(B2) 화장실 옆,(B3) 임학역 방향 승강장 2-4 출입문 앞",,
1,계산역,EL,2,2028-984,지하1층↔지하3층,"(B1) 물탱크실 옆,(B2) 화장실 맞은편,(B3) 경인교대입구역 방향 승강장 7-1 출입문 앞",,
1,계산역,EL,3,2059-428,지상층↔대합실,"(1F) 6번 출입구 옆,(B1) 5번/6번 출입구 방향",37.54344424160876,126.72861728975721
1,경인교대입구역,EL,1,2029-001,지하1층↔지하3층,"(B1) 전기실 옆,(B2) 고객안내센터 옆,(B3) 계산역 방향 승강장 7-1 출입문 앞",,
1,경인교대입구역,EL,2,2029-002,지하1층↔지하3층,"(B1) 전기실 옆,(B2) 고객안내센터 옆,(B3) 작전역 방향 승강장 2-4 출입문 앞",,
1,경인교대입구역,EL,3,2059-395,지상층↔대합실,"(1F) 6번 출입구 옆,(B1) 6번 출입구 방향",37.53871531536043,126.72239716084812
1,작전역,EL,1,2059-396,지상층↔지하1층,"(1F) 2번, 3번 출입구 사이,(B1) 고객안내센터 맞은편",37.530445201467735,126.72284358620712
1,작전역,EL,2,2059-397,대합실↔승강장,"(B1) 표 내는 곳 앞,(B2) 승강장 중앙 건축창고, 토목창고 사이",,
1,갈산역,EL,1,2029-003,지하1층↔지하2층,"(B1) 고객안내센터 옆,(B2) 작전역 방향 승강장 7-2 출입문 앞",,
1,갈산역,EL,2,2029-004,지하1층↔지하2층,"(B1) 고객안내센터 맞은편,(B2) 부평구청역 방향 승강장 2-3 출입문 앞",,
1,부평구청역,EL,1,2029-018,지하1층↔지하2층,"(B1) 고객안내센터 옆,(B2) 갈산역 방향 승강장 7-3 출입문 앞",,
1,부평구청역,EL,2,2029-019,지하1층↔지하2층,"(B1) 고객안내센터 맞은편,(B2) 부평시장역 방향 승강장 2-3 출입문 앞",,
1,부평시장역,EL,1,2029-016,지하1층↔지하2층,"(B1) 2번 출입구 방향,(B2) 부평구청역 방향 승강장 6-4 출입문 앞",,
1,부평시장역,EL,2,2029-017,지하1층↔지하2층,"(B1) 3번 출입구 방향,(B2) 부평역 방향 승강장 3-1 출입문 앞",,
1,부평시장역,EL,3,2059-398,지상층↔대합실,"(1F) 1번 출입구 옆,(B1) 1번 출입구 방향",37.49877210467482,126.72256488554002
1,부평시장역,EL,4,2187-743 ,대합실↔외부,"(1F) 3번 출입구 옆,(B1) 3번 출입구 방향",37.49819213841874,126.72210903068482
1,부평역,EL,1,2029-101,지하1층↔지하4층,"(B1) 화장실 옆,(B2) 고객안내센터 옆,(B4) 부평시장역 방향 승강장 2-4 출입문 앞",,
1,부평역,EL,2,2029-102,지상층↔지하4층,"(1F) 4번 출입구 앞,(B1) 임대상가 앞,(B2) 고객안내센터 옆,(B4) 동수역 방향 승강장 7-1 출입문 앞",,
1,부평역,EL,3,2158-729,승강장↔대합실,"(1F) 부개역(코레일) 방향 승강장 앞,(B1) 북부광장 방향 대합실",,
1,동수역,EL,1,2029-160,지하1층↔지하4층,"(B1) 화장실 옆,(B4) 부평역 방향 승강장 2-4 출입문 앞",,
1,동수역,EL,2,2029-161,지하1층↔지하4층,"(B1) 고객안내센터 옆,(B4) 부평삼거리역 방향 승강장 7-1 출입문 앞",,
1,동수역,EL,3,2059-290,지상층↔대합실,"(1F) 2번 출입구 앞,(B1) 고객안내센터 맞은편",37.485113976236086,126.71827080641609
1,부평삼거리역,EL,1,2029-162,지하1층↔지하4층,"(B1) 고객안내센터 맞은편,(B2) 대합실,(B3) 대합실,(B4) 동수역 방향 승강장 7-2 출입문 앞",,
1,부평삼거리역,EL,2,2029-163,지하1층↔지하4층,"(B1) 고객안내센터 옆,(B2) 대합실,(B3) 대합실,(B4) 간석오거리역 방향 승강장 2-2 출입문 앞",,
1,부평삼거리역,EL,3,2059-291,지상층↔대합실,"(1F) 2번 출입구 앞,(B1) 고객안내센터 맞은편",37.477375307176786,126.7102899028276
1,간석오거리역,EL,1,2145-975,승강장↔지하1층,"(B1) 고객안내센터 옆,(B2) 기능실 복도 옆,(B3) 대합실,(B4) 부평삼거리역 방향 승강장 4-2 출입문 앞",,
1,간석오거리역,EL,2,2029-138,지하1층↔지하4층,"(B1) 고객안내센터 맞은편,(B2) 기능실 복도 옆,(B3) 대합실,(B4) 인천시청 방향 승강장 5-2 출입문 앞",,
1,간석오거리역,EL,3,2029-020,지상층↔지하1층,"(1F) 5번 출입구 앞,(B1) 5번 출입구 방향 대합실",37.46616075184632,126.70784351590268
1,인천시청역,EL,1,2029-164,지상층↔지하4층,"(B1) 고객안내센터 옆,(B2) 간석오거리역 방향 승강장 2-3 출입구 앞",,
1,인천시청역,EL,2,2029-165,승강장↔대합실,"(1F) 9번 출입구 근처,(B1) 임대상가 옆,(B2) 예술회관역 방향 승강장 7-2 출입문 앞",37.45832775542719,126.70203900111014
1,예술회관역,EL,1,2036-306,지상층↔지하3층,"(B1) 기능실 복도 앞,(B2) 기능실 복도 앞,(B3) 인천시청역 방향 승강장 2-4 출입문 앞",,
1,예술회관역,EL,2,2036-307,지하1층↔지하3층,"(1F) 8번 출입구 방향,(B1) 기능실 복도 옆,(B2) 화장실 앞,(B3) 인천터미널역 방향 승강장 7-1 출입문 앞",37.44950152757799,126.70081674095474
1,인천터미널역,EL,1,2145-978,지상층↔지하2층,"(1F) 4번 출입구 옆,(B1) 대합실 백화점 방향,(B2) 예술회관역 방향 승강장 5-1 출입문 앞",37.44165558931782,126.69977729424201
1,인천터미널역,EL,2,2036-309,지하1층↔지하2층,"(B1) 6번 출입구 방향,(B2) 문학경기장역 방향 승강장 4-4 출입문 앞",,
1,문학경기장역,EL,1,2036-118,지하1층↔지하3층,"(B1) 대합실,(B2) 인천터미널역 방향 승강장 1-3 출입문 앞",,
1,문학경기장역,EL,2,2036-117,지하1층↔지하3층,"(B1) 대합실,(B2) 선학역 방향 승강장 8-1 출입문 앞",,
1,문학경기장역,EL,3,2036-119,지상층↔지하1층,"(1F) 2번 출입구 앞,(B1) 고객안내센터 옆 대합실",37.4348231,126.6969204
1,선학역,EL,1,2036-087,지하1층↔지하2층,"(B1) 대합실 표 내는 곳 앞,(B2) 문학경기장역 방향 승강장 5-4 출입문 앞",,
1,선학역,EL,2,2036-088,지하1층↔지하2층,"(B1) 대합실 표 내는 곳 앞,(B2) 신연수역 방향 승강장 4-1 출입문 앞",,
1,선학역,EL,3,2059-292,지상층↔대합실,"(1F) 3번 출입구 앞,(B1) 대합실 화장실 옆",37.4270381,126.6986070
1,신연수역,EL,1,2059-293,지상층↔지하1층,"(1F) 1번 출입구 앞,(B1) 화장실 옆",37.4179902,126.6944353
1,신연수역,EL,2,2059-294,지하1층↔지하2층,"(B1) 고객안내센터 앞,(B2) 원인재역 방향 승강장 4-3 출입문 앞",,
1,신연수역,EL,3,2162-753,지상층↔대합실,"(1F) 4번 출입구 앞,(B1) 대합실 표 내는 곳 앞",,
1,원인재역,EL,1,2036-083,지하1층↔지하2층,"(B2) 신연수역 방향 승강장 3-4 열차 출입문 앞,(B1) 신연수역 방향 열차 승강장 방향",,
1,원인재역,EL,2,2036-084,지하1층↔지하2층,"(B2) 동춘역 방향 승강장 6-1 열차 출입문 앞,(B1) 동춘역 방향 열차 승강장 방향",,
1,원인재역,EL,3,2059-280,지상층↔대합실,"(B1) 1번/6번 출입구 방향,(1F) 6번 출입구 뒤",37.4129822,126.6881497
1,동춘역,EL,1,2036-085,지상층↔지하2층,"(B2) 원인재역 방향 승강장 6-4 열차 출입문 앞,(B1) 원인재역 방향 열차 승강장 방향",37.4054626,126.6803339
1,동춘역,EL,2,2036-086,지하1층↔지하2층,"(B2) 동막역 방향 승강장 3-1 열차 출입문 앞,(B1) 해당 역 대합실,(1F) 3번 출입구 뒤",37.4044376,126.6802874
1,동막역,EL,1,2059-282,지상층↔대합실,"(B1) 3번/4번 출입구 방향,(1F) 4번 출입구 뒤",37.3986450,126.6732224
1,동막역,EL,2,2059-281,지상층↔대합실,"(B1) 1번/2번 출입구 방향,(1F) 1번 출입구 뒤",37.3984053,126.6737119
1,동막역,EL,3,2140-538,대합실↔승강장,"(B2) 테크노파크역 방향 승강장 5-1 열차 출입문 앞,(B1) 테크노파크역 방향 열차 승강장 방향",,
1,캠퍼스타운역,EL,1,2059-457,지하1층↔지하2층,"(B2) 동막역 방향 승강장 4-4 열차 출입문 앞,(B1) 동막역 방향 열차 승강장 방향",,
1,캠퍼스타운역,EL,2,2059-458,지하1층↔지하2층,"(B2) 캠퍼스타운역 방향 승강장 4-4,동춘역 방향 5-1 열차 출입문 앞,(B1) 대합실 표 내는 곳 안 쪽",,
1,캠퍼스타운역,EL,3,2059-459,지상층↔지하1층,"(B1) 1번 출입구 방향,(1F) 1번 출입구 뒤",37.3880130,126.6619963
1,캠퍼스타운역,EL,4,2059-460,지상층↔지하1층,"(B1) 2번 출입구 방향,(1F) 2번 출입구 뒤",37.3875909,126.6624837
1,캠퍼스타운역,EL,5,2059-461,지상층↔지하1층,"(B1) 3,4번 출입구 방향,(1F) 3번 출입구 뒤",37.3882216,126.6617017
1,테크노파크역,EL,1,2059-276,지하1층↔지하2층,"(B2) 캠퍼스타운역 방향 승강장 5-1 열차 출입문 앞,(B1) 캠퍼스타운역 방향 열차 승강장 방향",,
1,테크노파크역,EL,2,2059-277,지하1층↔지하2층,"(B2) 지식정보단지역 방향 승강장 5-1 열차 출입문 앞,(B1) 지식정보단지역 방향 열차 승강장 방향",,
1,테크노파크역,EL,3,2059-278,지상층↔지하1층,"(B1) 3번 출입구 방향,(1F) 3번 출입구 뒤",37.3821468,126.6563234
1,테크노파크역,EL,4,2059-279,지상층↔지하1층,"(B1) 2번 출입구 방향,(1F) 2번 출입구 뒤",37.3818603,126.6569598
1,지식정보단지역,EL,1,2059-391,지하1층↔지하2층,"(B2) 테크노파크역 방향 승강장 4-4 열차 출입문 앞,(B1) 테크노파크역 방향 열차 승강장 방향",,
1,지식정보단지역,EL,2,2059-392,지하1층↔지하2층,"(B2) 센트럴파크역 방향 승강장 5-1 열차 출입문 앞,(B1) 센트럴파크역 방향 열차 승강장 방향",,
1,지식정보단지역,EL,3,2059-390,지상층↔지하1층,"(B1) 1,2번 출입구 방향,(1F) 2번 출입구 뒤",37.3779170,126.6450747
1,지식정보단지역,EL,4,2059-393,지상층↔지하1층,"(B1) 3번 출입구 방향,(1F) 상가건물 앞 ",37.3784430,126.6454589
1,인천대입구역,EL,1,2059-350,지하1층↔지하2층,"(B2) 지식정보단지역 방향 승강장 5-4 열차 출입문 앞,(B1) 지식정보단지역 방향 열차 승강장 방향",,
1,인천대입구역,EL,2,2059-351,지하1층↔지하2층,"(B2) 센트럴파크역 방향 승강장 4-1 열차 출입문 앞,(B1) 센트럴파크역 방향 열차 승강장 방향",37.3867600,126.6396779
1,인천대입구역,EL,3,2059-352,지상층↔지하1층,"(B1) 2번 출입구 방향,(1F) 2번 출입구 뒤",37.3859629,126.6390296
1,센트럴파크역,EL,1,2059-414,지하1층↔지하2층,"(B2) 인천대입구역 방향 승강장 5-1 열차 출입문 앞,(B1) 인천대입구역 방향 열차 승강장 방향",37.3931329,126.6339473
1,센트럴파크역,EL,2,2059-415,지하1층↔지하2층,"(B2) 국제업무지구역 방향 승강장 4-4 열차 출입문 앞,(B1) 국제업무지구역 방향 열차 승강장 방향",37.3933161,126.6334891
1,센트럴파크역,EL,3,2059-416,지상층↔지하1층,"(B1) 3번 출입구 방향,(1F) 3번 출입구 뒤",37.3937729,126.6347714
1,국제업무지구역,EL,1,2059-346,지하1층↔지하2층,"(B2) 센트럴파크역 방향 승강장 6-2 열차 출입문 앞,(B1) 센트럴파크역 방향 열차 승강장 방향",,
1,국제업무지구역,EL,2,2059-347,지하1층↔지하2층,"(B2) 송도달빛축제공원역 방향 승강장 3-3 열차 출입문 앞,(B1) 송도달빛축제공원역 방향 열차 승강장 방향",,
1,국제업무지구역,EL,3,2059-348,지상층↔지하1층,"(B1) 1번, 2번 출입구 방향,(1F) 2번 출입구 뒤",37.4000308,126.6298141
1,국제업무지구역,EL,4,2059-349,지상층↔지하1층,"(B1) 5번 출입구 방향,(1F) 5번 출입구 뒤",37.4005621,126.6304326
1,국제업무지구역,EL,5,2282-155,지상층↔지하1층,3번출구 힐스테이트송도더스카이 연결통로,,
1,송도달빛축제공원역,EL,1,2236-554,대합실↔승강장,"(B2) 국제업무지구역 방향 승강장 5-1 열차 출입문 앞,(B1) 국제업무지구역 방향 열차 승강장 방향",,
1,송도달빛축제공원역,EL,2,2236-555,대합실↔승강장,"(B2) 승강장 5-1 열차 출입문 앞,(B1)  열차 승강장 방향",,
1,송도달빛축제공원역,EL,3,2236-556,대합실↔외부,"(B1) 1번 출입구 방향,(1F) 1번 출입구 뒤",37.4067436,126.6255963
1,송도달빛축제공원역,EL,4,2236-560,대합실↔외부,"(B1) 2번 출입구 방향,(1F) 2번 출입구 뒤",37.4070548,126.6264165
2,검단오류역,EL,1,2170-578,지상1층↔지상2층,"(1F) 2번 출입구 옆,(2F) 1번 출입구 계단 옆",37.59501585609955,126.62814832004538
2,검단오류역,EL,2,2170-579,지상2층↔지상3층,"(2F) 검단오류역 방향 승강장 계단 옆,(3F) 검단오류역 방향 승강장 출입문 중앙부 앞",,
2,검단오류역,EL,3,2170-580,지상2층↔지상3층,"(2F) 왕길역 방향 승강장 계단 옆,(3F) 왕길역 방향 승강장 출입문 중앙부 앞",,
2,왕길,EL,1,2170-583,지상1층↔지상2층,"(1F) 1번 출입구 옆,(2F) 화장실 옆",37.5951314201938,126.64221692525207
2,왕길,EL,2,2170-581,지상2층↔지상3층,"(2F) 검단오류역 방향 승강장 계단 옆,(3F) 검단오류역 방향 승강장 출입문 중앙부 앞",,
2,왕길,EL,3,2170-582,지상2층↔지상3층,"(2F) 검단사거리역 방향 승강장 계단 옆,(3F) 검단사거리역 방향 승강장 출입문 중앙부 앞",,
2,검단사거리역,EL,1,2170-627,지하1층↔지하2층,"(B2) 고객안내센터 옆,(B3) 왕길역 방향 승강장 출입문 2-3 옆",,
2,검단사거리역,EL,2,2170-628,지하1층↔지하2층,"(B2) 표 내는 곳 옆,(B3) 마전역 방향 승강장 출입문 1-1 옆",,
2,검단사거리역,EL,3,2170-626,지상층↔지하1층,"(1F) 1번 출입구 근처,(B1) 화장실 옆",37.6019435245011,126.65684646880992
2,마전역,EL,1,2170-625,지하1층↔지하3층,"(B1) 고객안내센터 옆,(B3) 검단사거리역 방향 승강장 출입문 1-1 옆",,
2,마전역,EL,2,2170-624,지하1층↔지하3층,"(B1) 표 내는 곳 옆,(B3) 완정역 방향 승강장 출입문 2-3 옆",,
2,마전역,EL,3,2170-623,지상층↔지하1층,"(1F) 1번 출입구 근처,(B1) 1번 출입구 계단 옆",37.597842127805556,126.66719252275999
2,완정역,EL,1,2045-091,지하1층↔지하3층,"(B1) 임대상가 측 통로 끝,(B2) 에스컬레이터 1, 2호기 옆,(B3) 마전역 방향 승강장 출입문 중앙부 앞",,
2,완정역,EL,2,2045-092,지하1층↔지하3층,"(B1) 고객안내센터 측 통로 끝,(B2) 에스컬레이터 3, 4호기 옆,(B3) 독정역 방향 승강장 출입문 중앙부 앞",,
2,완정역,EL,3,2045-093,지상층↔지하1층,"(1F) 4번 출입구 근처,(B1) 4번 출입구 계단 옆",37.59302550225843,126.67333970363602
2,독정역,EL,1,2154-532,지하1층↔지하3층,"(B1) 수유실 측 통로 끝,(B2) 완정역 방향 승강장 계단 옆,(B3) 완정역 방향 승강장 출입문 중앙부 앞",,
2,독정역,EL,2,2154-533,지하1층↔지하3층,"(B1) 고객안내센터 측 통로 끝,(B2) 검암역 방향 승강장 계단 옆,(B3) 검암역 방향 승강장 출입문 중앙부 앞",,
2,독정역,EL,3,2170-865,지상층↔지하1층,"(1F) 2번 출입구 근처,(B1) 2번 출입구 옆",37.58509087020588,126.67609160538258
2,독정역,EL,4,2170-864,지상층↔지하1층,"(1F) 3번 출입구 근처,(B1) 3번 출입구 옆",37.58503784370166,126.67564745577849
2,검암역,EL,1,2170-606,지상1층↔지상2층,"(2F) 표 내는 곳 근처,(1F) 2번 출입구 근처",126.67564745577849,126.6756258273705
2,검암역,EL,2,2170-604,지상2층↔지상4층,"(4F) 독정역 방향 승강장 중앙부 앞,(2F) 고객안내센터 옆",,
2,검암역,EL,3,2170-605,지상1층↔지상2층↔지상4층,"(4F) 검바위역 방향 승강장 중앙부 앞,(2F) 표 내는 곳 근처,(1F) 환승통로 안쪽",,
2,검바위역,EL,1,2170-607,지상1층↔지상2층,"(2F) 화장실 근처,(1F) 4번 출입구 근처",,
2,검바위역,EL,2,2170-608,지상2층↔지상3층,"(1F) 검암역 방향 승강장 중앙부 앞,(2F) 에스컬레이터 3, 4호기 옆",,
2,검바위역,EL,3,2170-609,지상2층↔지상3층,"(1F) 아시아드경기장역 방향 승강장 중앙부 앞,(2F) 에스컬레이터 5, 6호기 옆",,
2,아시아드경기장역,EL,1,2170-557,지하1층↔지하2층,"(B1) 표 내는 곳 옆,(B3) 검바위역 방향 승강장 중앙부 앞",,
2,아시아드경기장역,EL,2,2170-558,지하1층↔지하2층,"(B1) 고객안내센터 옆,(B3) 서구청역 방향 승강장 중앙부 앞",,
2,아시아드경기장역,EL,3,2170-559,지상층↔지하1층,"(1F) 2번 출입구 근처,(B1) 2번 출입구 계단 옆",,
2,아시아드경기장역,EL,4,2170-560,지상층↔지하1층,"(1F) 3번 출입구 근처,(B1) 3번 출입구 계단 옆",,
2,서구청역,EL,1,2170-561,지하1층↔지하3층,"(B1) 고객안내센터 측 통로 끝,(B2) 에스컬레이터 1, 2호기 옆,(B3) 아시아드경기장역 방향 승강장 중앙부 앞",,
2,서구청역,EL,2,2170-562,지하1층↔지하3층,"(B1) 임대상가 측 통로 끝,(B2) 에스컬레이터 3, 4호기 옆,(B3) 가정역 방향 승강장 중앙부 앞",,
2,서구청역,EL,3,2170-563,지상층↔지하1층,"(1F) 2번 출입구 근처,(B1) 2번 출입구 계단 옆",,
2,서구청역,EL,4,2170-564,지상층↔지하1층,"(1F) 3번 출입구 근처,(B1) 3번 출입구 계단 옆",,
2,가정(루원시티)역,EL,1,2159-558,지하1층↔지하3층,"(B3) 서구청역 방향 승강장 1-1 출입문 앞,(B1) 4번 출입구 대합실",,
2,가정(루원시티)역,EL,2,2159-557,지하1층↔지하3층,"(B3) 서구청역 방향 승강장 2-3 출입문 앞,(B1) 3번 출입구 대합실",,
2,가정(루원시티)역,EL,3,2159-560,지하1층↔지하3층,"(B3) 가정중앙시장역 방향 승강장 1-1 출입문 앞,(B1) 4번 출입구 대합실",,
2,가정(루원시티)역,EL,4,2159-559,지하1층↔지하3층,"(B3) 가정중앙시장역 방향 승강장 2-3 출입문 앞,(B1) 4번 출입구 대합실",,
2,가정(루원시티)역,EL,5,2154-506,지상층↔지하1층,"(B1) 4번 출입구 대합실,(1F) 4번 출입구 인근",,
2,가정(루원시티)역,EL,6,2154-505,지상층↔지하1층,"(B1) 3번 출입구 대합실,(1F) 3번 출입구 인근",,
2,가정중앙시장역,EL,1,2154-516,지하1층↔지하2층,"(B2) 가정역 방향 승강장 1-3 출입문 앞,(B1) 대합실 상선 방향",,
2,가정중앙시장역,EL,2,2154-517,지하1층↔지하2층,"(B2) 석남역 방향 승강장 1-3 출입문 앞,(B1) 대합실 하선 방향",,
2,가정중앙시장역,EL,3,2154-520,지상층↔지하1층,"(B1) 대합실 1번 출입구 방향,(1F) 1번 출입구 인근",,
2,가정중앙시장역,EL,4,2154-518,지상층↔지하1층,"(B1) 대합실 2번 출입구 방향,(1F) 2번 출입구 인근",,
2,가정중앙시장역,EL,5,2154-519,지상층↔지하1층,"(B1) 대합실 2번 출입구 방향,(1F) 2번 출입구 인근",,
2,석남(거북시장)역,EL,1,2170-774,지하1층↔지하2층,"(B2) 가정중앙시장역 방향 승강장 1-3 출입문 앞,(B1) 대합실 상선 방향",,
2,석남(거북시장)역,EL,2,2170-775,지하1층↔지하2층,"(B2) 서부여성회관역 방향 승강장 1-3 출입문 앞,(B1) 대합실 하선 방향",,
2,석남(거북시장)역,EL,3,2170-776,지상층↔지하1층,"(B1) 대합실 1번 출입구 방향,(1F) 1번 출입구 인근",,
2,석남(거북시장)역,EL,4,2170-777,지상층↔지하1층,"(B1) 대합실 1번 출입구 방향,(1F) 1번 출입구 인근",,
2,석남(거북시장)역,EL,5,2170-779,지상층↔지하1층,"(B1) 대합실 2번 출입구 방향,(1F) 2번 출입구 인근",,
2,석남(거북시장)역,EL,6,2170-778,지상층↔지하1층,"(B1) 대합실 2번 출입구 방향,(1F) 2번 출입구 인근",,
2,서부여성회관역,EL,1,2170-780,지하1층↔지하2층,"(B2) 석남역 방향 승강장 1-3 출입문 앞,(B1) 대합실 상선 방향",,
2,서부여성회관역,EL,2,2170-281,지하1층↔지하2층,"(B2) 인천가좌역 방향 승강장 1-3 출입문 앞,(B1) 대합실 하선 방향",,
2,서부여성회관역,EL,3,2170-782,지상층↔지하1층,"(B1) 대합실 1번 출입구 방향,(1F) 1번 출입구 인근",,
2,서부여성회관역,EL,4,2170-783,지상층↔지하1층,"(B1) 대합실 1번 출입구 방향,(1F) 1번 출입구 인근",,
2,서부여성회관역,EL,5,2170-785,지상층↔지하1층,"(B1) 대합실 2번 출입구 방향,(1F) 2번 출입구 인근",,
2,서부여성회관역,EL,6,2170-784,지상층↔지하1층,"(B1) 대합실 2번 출입구 방향,(1F) 2번 출입구 인근",,
2,인천가좌역,EL,1,2170-851,지하1층↔지하3층,"(B3) 서부여성회관역 방향 승강장 1-3 출입문 앞,(B1) 대합실 상선 방향",,
2,인천가좌역,EL,2,2170-852,지하1층↔지하3층,"(B3) 가재울역 방향 승강장 1-3 출입문 앞,(B1) 대합실 하선 방향",,
2,인천가좌역,EL,3,2170-847,지상층↔지하1층,"(B1) 대합실 1번 출입구 방향,(1F) 1번 출입구 인근",,
2,인천가좌역,EL,4,2170-848,지상층↔지하1층,"(B1) 대합실 1번 출입구 방향,(1F) 1번 출입구 인근",,
2,인천가좌역,EL,5,2170-849,지상층↔지하1층,"(B1) 대합실 2번 출입구 방향,(1F) 2번 출입구 인근",,
2,인천가좌역,EL,6,2170-850,지상층↔지하1층,"(B1) 대합실 2번 출입구 방향,(1F) 2번 출입구 인근",,
2,가재울역,EL,1,2161-408,지하1층↔지하3층,"(B3) 인천가좌역 방향 승강장 1-3 출입문 앞,(B1) 대합실 상선 방향",,
2,가재울역,EL,2,2161-409,지하1층↔지하3층,"(B3) 주안국가산단역 방향 승강장 1-3 출입문 앞,(B1) 대합실 하선 방향",,
2,가재울역,EL,3,2161-410,지상층↔지하1층,"(B1) 대합실 1,2번 출입구 방향,(1F) 1번/2번 출입구 사이 엘리베이터",,
2,주안국가산단역,EL,1,2170-600,지하1층↔지하3층,"(B3) 가재울역 방향 승강장 1-3 출입문 앞,(B1) 대합실 상선 방향",,
2,주안국가산단역,EL,2,2170-601,지하1층↔지하3층,"(B3) 주안역 방향 승강장 1-3 출입문 앞,(B1) 대합실 하선 방향",,
2,주안국가산단역,EL,3,2170-603,지상층↔지하1층,"(B1) 대합실 1번 출입구 방향,(1F) 1번 출입구 근처",,
2,주안국가산단역,EL,4,2170-602,지상층↔지하1층,"(B1) 대합실 2번 출입구 방향,(1F) 2번 출입구 근처",,
2,주안역,EL,1,2170-611,지하1층↔지하2층 ,"(B3) 주안국가산단역 방향 승강장 1-3 출입문 앞,(B2) 대합실 상선 방향",,
2,주안역,EL,2,2170-610,지하1층↔지하3층 ,"(B3) 시민공원역 방향 승강장 1-3 출입문 앞,(B1) 대합실 코레일 방향",,
2,주안역,EL,3,2170-792,지상층↔지하1층,"(B1) 대합실 6번 출입구 방향,(1F) 6번 출입구 근처",,
2,주안역,EL,4,2170-791,지상층↔지하1층,"(B1) 대합실 5번 출입구 방향,(1F) 5번 출입구 근처",,
2,주안역,EL,5,2170-613,환승층↔지하1층,"(B1) 대합실 코레일 상선 방향,(1F) 코레일 승강장 상선",,
2,주안역,EL,6,2170-612,환승층↔지하1층,"(B1) 대합실 코레일 하선 방향,(1F) 코레일 승강장 하선",,
2,시민공원역,EL,1,2154-529,지하1층↔지하3층,"(B3) 주안역 방향 승강장 1-1 출입문 앞,(B1) 에스컬레이터 1,2호기 앞",,
2,시민공원역,EL,2,2154-530,지하1층↔지하3층,"(B3) 석바위시장역 방향 승강장 2-3 출입문 앞,(B1) 에스컬레이터 3,4호기 앞",,
2,시민공원역,EL,3,2154-527,지상층↔지하1층,"(B1) 고객안내센터 옆,(1F) 1번 출입구 근처",,
2,시민공원역,EL,4,2154-528,지상층↔지하1층,"(B1) 고객안내센터 옆,(1F) 2번 출입구 근처",,
2,시민공원역,EL,5,2161-496,지하상가↔지하1층,"(B1) 화장실 옆,(M1) 화장실 옆",,
2,석바위시장역,EL,1,2170-772,지하1층↔지하3층,"(B3) 시민공원역 방향 승강장 1-1 출입문 앞,(B1) 에스컬레이터 1,2호기 앞",,
2,석바위시장역,EL,2,2170-771,지하1층↔지하3층,"(B3) 인천시청역 방향 승강장 2-3 출입문 앞,(B1) 에스컬레이터 3,4호기 앞",,
2,석바위시장역,EL,3,2170-769,지상층↔지하1층,"(B1) 고객안내센터 옆,(1F) 1번 출입구 근처",,
2,석바위시장역,EL,4,2170-770,지상층↔지하1층,"(B1) 고객안내센터 옆,(1F) 2번 출입구 근처",,
2,인천시청역,EL,1,2161-460,지하1층↔지하2층 ,"(B2) 석바위시장역 방향 승강장 1-3 출입문 앞 ,(B1) 에스컬레이터 1,2호기 옆",,
2,인천시청역,EL,2,2161-491,지하1층↔지하2층 ,"(B2) 석천사거리역 방향 승강장 1-3 출입문 앞 ,(B1) 에스컬레이터 3,4호기 옆",,
2,인천시청역,EL,3,2161-489,지하3층↔지하4층 ,"(B4)간석오거리역 방향 승강장 8-4 출입문 뒤, (B3) 에스컬레이터 5호기 옆",,
2,인천시청역,EL,4,2161-490,지하3층↔지하4층 ,"(B4)예술회관역 방향 승강장 1-1 출입문 앞, (B3) 에스컬레이터 6호기 옆",,
2,인천시청역,EL,5,2161-487,지하2층↔지하3층 ,"(B3) 에스컬레이터 5호기 옆,(B2) 석바위시장역 방향 승강장 2-3 출입문 방향",,
2,인천시청역,EL,6,2161-488,지하2층↔지하3층 ,"(B3) 임대상가 옆,(B2) 석천사거리역 방향 승강장 1-1 출입문 방향",,
2,인천시청역,EL,7,2161-458,지상층↔지하1층,"(B1) 에스컬레이터 9,10호기 앞,(1F) 8번 출입구 근처",,
2,인천시청역,EL,8,2161-459,지상층↔지하1층,"(B1) 에스컬레이터 11,12호기 앞,(1F) 7번 출입구 근처",,
2,석천사거리역,EL,1,2161-495,지하1층↔지하2층 ,"(B2) 인천시청역 방향 승강장 1-3 출입문 앞 ,(B1) 에스컬레이터 1,2호기 옆",,
2,석천사거리역,EL,2,2161-494,지하1층↔지하2층 ,"(B2) 모래내시장역 방향 승강장 1-3 출입문 앞 ,(B1) 에스컬레이터 3,4호기 옆",,
2,석천사거리역,EL,3,2161-493,지상층↔지하1층,"(B1) 에스컬레이터 5,6호기 옆 ,(1F) 1번 출입구 근처",,
2,석천사거리역,EL,4,2161-492,지상층↔지하1층,"(B1) 에스컬레이터 8,9호기 옆 ,(1F) 2번 출입구 근처",,
2,모래내시장역,EL,1,2170-598,지하2층↔지하3층 ,"(B3) 석천사거리역 방향 승강장 1-3 출입문 앞 ,(B2)에스컬레이터 1,2호기 옆",,
2,모래내시장역,EL,2,2170-597,지하2층↔지하3층 ,"(B3) 만수역 방향 승강장 1-3 출입문 앞 ,(B2)에스컬레이터 3,4호기 옆",,
2,모래내시장역,EL,3,2170-596,지상층↔지하2층,"(B2) 고객안내센터 옆,(1F) 2번 출입구 근처",,
2,모래내시장역,EL,4,2170-595,지상층↔지하2층,"(B2) 고객안내센터 옆,(1F) 3번 출입구 근처",,
2,만수역,EL,1,2170-587,지하1층↔지하2층,"(B2) 모래내시장역 방향 승강장 1-3 출입문 앞,(B1) 에스컬레이터 1,2호기 옆",,
2,만수역,EL,2,2170-588,지하1층↔지하2층,"(B2) 남동구청역 방향 승강장 1-3 출입문 앞,(B1) 에스컬레이터 3,4호기 옆",,
2,만수역,EL,3,2170-618,지상층↔지하1층,"(B1) 에스컬레이터 5,6호기 뒤,(1F) 1번 출입구 근처",,
2,만수역,EL,4,2170-617,지상층↔지하1층,"(B1) 에스컬레이터 7,8호기 뒤,(1F) 4번 출입구 근처",,
2,남동구청역,EL,1,2169-962,지하1층↔지하2층,"(B2) 만수역 방향 승강장 1-3 출입문 앞,(1F) 에스컬레이터 1,2호기 옆",,
2,남동구청역,EL,2,2169-961,지하1층↔지하2층,"(B2) 인천대공원역 방향 승강장 1-3 출입문 앞,(1F) 에스컬레이터 3,4호기 옆",,
2,남동구청역,EL,3,2170-616,지상층↔지하1층,"(B1) 고객안내센터 옆,(1F) 1번 출입구 근처",,
2,남동구청역,EL,4,2170-615,지상층↔지하1층,"(B1) 에스컬레이터 7,8호기 앞, ,(1F) 3번 출입구 근처",,
2,인천대공원역,EL,1,2160-700,지상1층↔지하2층,"(1F) 2번출입구 근처,,(2F) 에스컬레이터 1,2호기 근처",,
2,인천대공원역,EL,2,2160-697,지상1층↔지상2층,"(1F) 1번 출입구 근처,(2F) 역사 출입문 앞",,
2,인천대공원역,EL,3,2160-698,지상2층↔지상3층,"(2F) 고객안내센터 옆 ,(3F) 에스컬레이터 3,4호기 앞",,
2,인천대공원역,EL,4,2160-699,지상2층↔지상3층,"(2F) 화장실 뒤 ,(3F) 에스컬레이터 5,6호기 앞",,
2,운연(서창)역,EL,1,2161-406,지상층↔지하1층,"(B1) 인천대공원역 방향 승강장 1-3 출입문 앞,(1F) 에스컬레이터 1,2호기 옆",,
2,운연(서창)역,EL,2,2161-405,지상층↔지하1층,"(B1) 종착역 승강장 1-3 출입문 앞,(1F) 에스컬레이터 3,4호기 옆",,
7,까치울역,EL,1,2060-279,B1-B2,"(B1) 화장실 옆, 2번출입구 방향,(B2) 온수방향 승강장 3-1 출입문 앞",,
7,까치울역,EL,2,2060-280,F1-B1,"(1F) 3번/4번 출입구 옆,(B1) 3번/4번 출입구 옆",,
7,부천종합운동장역,EL,1,2092-517,B1-B2,"(B1) 고객안전센터 앞 대합실,(B2) 까치울역 방향 승강장 5-3, 춘의역 방향 승강장 4-2 출입문 앞",,
7,부천종합운동장역,EL,2,2092-518,F1-B1,"(1F) 1번/2번 출입구 사이,(B1) 2번 출입구 방향 대합실",,
7,부천종합운동장역,EL,3,2092-519,F1-B1,"(1F) 4, 5번 출입구 사이,(B1) 4번 출입구 방향 대합실",,
7,부천종합운동장역,EL,4,2092-520,F2-BM1,직원용,,
7,춘의역,EL,1,2061-661,B1-B2,"(B2) 부천종합운동장역 방향 5-1, 신중동 방향 4-4,(B1) 고객안내센터 앞 대합실",,
7,춘의역,EL,2,2061-662,F1-B1,"(B1) 대합실 3번/4번 출입구 ,(1F) 3번/4번 출입구 사이",,
7,춘의역,EL,3,2061-663,F1-B1,"(B1) 대합실 7번/8번 출입구 ,(1F) 3번/4번 출입구 사이",,
7,신중동역,EL,1,2078-781,B1-B2,"(B2) 춘의역 방향 승강장 4-1, 부천시청역 방향 승강장 5-3의 사이의 중앙,(B1) 표 내는 곳 내 대합실 중앙",,
7,신중동역,EL,2,2078-782,F1-B1,"(B1) 대합실 1번/2번 출입구 ,(1F) 1번/2번 출입구 사이",,
7,신중동역,EL,3,2078-783,F1-B1,"(B1) 대합실 7번 출입구 ,(1F) 7번 출입구 사이",,
7,신중동역,EL,4,2061-660,F1-B1,"(B1) 대합실 3번 출입구 ,(1F) 3번 출입구 인근",,
7,부천시청역,EL,1,2058-149,B1-B2,"(B2) 신중동역 방향 승강장 4-4 출입문 앞,(B1) 표 내는 곳 내 계단 옆(신중동 방향)",,
7,부천시청역,EL,2,2058-150,F1-B1,"(B1) 1번/2번 출입구 근처 대합실,(1F) 1번/2번 출입구 근처",,
7,부천시청역,EL,3,2058-151,F1-B1,"(B1) 4번/5번 출입구 근처 대합실,(1F) 4번/5번 출입구 근처",,
7,상동역,EL,1,2058-152,B1-B2,"(B2) 승강장 상선 4-4 출입문 앞,(B1) 대합실 표 내는 곳 근처",,
7,상동역,EL,2,2058-153,B1-B2,"(B2) 승강장 하선 5-1 출입문 앞,(B1) 대합실 표 내는 곳 근처",,
7,상동역,EL,3,2058-154,F1-B1,"(B1) 대합실 1번/2번 출입구 사이(GS편의점 옆),(1F) 1번/2번 출입구 사이",,
7,상동역,EL,4,2058-155,F1-B1,"(B1) 대합실 5번/6번 출입구 사이(상상정거장 옆),(1F) 5번/6번 출입구 사이",,
7,삼산체육관역,EL,1,2092-874,B1-B2,"(B2) 승강장 상선 4-2 출입문 앞,(B1) 대합실 표 내는 곳 근처",,
7,삼산체육관역,EL,2,2092-871,B1-B2,"(B2) 승강장 하선 5-3 출입문 앞,(B1) 대합실 표 내는 곳 근처",,
7,삼산체육관역,EL,3,2092-873,F1-B1,"(B1) 대합실 1번/2번 출입구 사이,(1F) 공원입구 근처",,
7,삼산체육관역,EL,4,2092-872,F1-B1,"(B1) 대합실 3번 출입구,(1F) 자전거보관구역 근처",,
7,굴포천역,EL,1,2092-823,B1-B2,"(B2) 삼산체육관역 방향 승강장 4-4 출입문 앞,(B1) 표 내는 곳 내 계단 옆(삼산체육관역 방향)",,
7,굴포천역,EL,2,2092-824,B1-B2,"(B2) 부평구청역 방향 승강장 5-1 출입문 앞,(B1) 표 내는 곳 내 계단 옆(부평구청역 방향)",,
7,굴포천역,EL,3,2092-822,F1-B1,"(B1) 3번/4번 출입구 근처 대합실,(1F) 3번 출입구 근처",,
7,굴포천역,EL,4,2092-825,F1-B1,"(B1) 5번/6번 출입구 근처 대합실,(1F) 5번/6번 출입구 근처",,
7,부평구청역,EL,1,2120-901,B1-B3,"(B3) 1호선(갈산역 방향)<->7호선(굴포천역 방향) 환승통로 앞쪽,(B2) 굴포천역 방향 4-1 출입문 앞",,
7,부평구청역,EL,2,2120-902,B1-B3,"(B3) 산곡역 방향 5-4 출입문 앞,(B1) 표 내는 곳 안쪽 남자화장실 옆 엘리베이터",,
7,부평구청역,EL,3,2120-903,B2-B3,"(B3) 굴포천역 방향 8-4 출입문 앞,(B2) 1호선(부평시장역 방향)<->7호선(굴포천역 방향) 환승통로 엘리베이터",,
7,부평구청역,EL,4,2120-904,B2-B3,"(B3) 산곡역 방향 1-1 출입문 앞,(B2) 1호선(부평시장역 방향)<->7호선(산곡역 방향) 환승통로 엘리베이터",,
7,부평구청역,EL,5,2120-905,B2-B2,"(B2) 1호선(갈산역 방향)<->7호선 환승통로 계단 옆 엘리베이터,(BM1) 1호선 갈산역 방향 후미부 계단 옆 엘리베이터",,
7,부평구청역,EL,6,2120-906,B2-B2,"(B2) 1호선(부평시장역 방향)<->7호선 환승통로 엘리베이터,(B1) 1호선 부평시장역 방향 방범셔터 앞 엘리베이터",,
7,부평구청역,EL,7,2120-907,F1-B1,"(B1) 4,5번 출입구 방향 대합실,(1F) 4,5번 출입구 사이 엘리베이터",,
7,부평구청역,EL,8,2120-908,F1-B1,"(B1) 3번 출입구 방향 계단 옆 엘리베이터,(1F) 3번 출입구 옆 엘리베이터",,
7,부평구청역,EL,9,2120-909,"F1-B4,(관리동)",직원용,,
7,산곡역,EL,1,2233-654,승강장↔대합실,"(B1) 7호선 부평구청역 방향 4-4 출입문 앞,(1F) 7호선 부평구청역 방향 대합실 중간 엘리베이터",,
7,산곡역,EL,2,2233-655,승강장↔대합실,"(B1) 7호선 석남역 방향 4-4 출입문 앞,(1F) 7호선 석남역 방향 대합실 중간 엘리베이터",,
7,산곡역,EL,3,2233-656,대합실↔지상,"(B1) 3번 출입구 방향 오른쪽 엘리베이터,(1F) 3번, 4번 출입구 사이 엘리베이터",,
7,산곡역,EL,4,2233-657,대합실↔지상,"(B1) 7번 출입구 방향 엘리베이터,(1F) 1번, 7번 출입구 사이 엘리베이터",,
7,석남역,EL,1,2240-778,승강장↔대합실,"(B5) 산곡역 방향 출입문 1-3 앞,(B4) 2호선<->7호선(산곡역 방향) 환승통로",,
7,석남역,EL,2,2240-779,승강장↔대합실,"(B5) 종착역 방향 출입문 8-4 앞,(B4) 2호선<->7호선(종점역 방향) 환승통로",,
7,석남역,EL,3,2240-776,승강장↔대합실,"(B5) 산곡역 방향 출입문 7-3 앞,(B4) 고객안내센터 옆 엘리베이터",,
7,석남역,EL,4,2240-777,승강장↔대합실,"(B5) 종착역 방향 출입문 2-2 앞,(B4) 고객안내센터 옆 엘리베이터",,
7,석남역,EL,5,2240-764,대합실↔지상,"(B4) 5번 출입구 방향 에스컬레이터 9,10호기 옆,(1F) 5번 출입구 뒷편 고가도로 옆 엘리베이터",,
7,석남역,EL,6,2240-765,대합실↔지상,"(B4) 6번 출입구 방향 에스컬레이터 11,12호기 옆,(1F) 6번 출입구 뒷편 고가도로 옆 엘리베이터",,
7,석남역,EL,8,2240-772,대합실↔대합실,"(B3) 2호선 서부여성회관역 방향 환승통로 안쪽 엘리베이터,(B1) 1번/4번/7번 출입구 방향 표 내는 곳 옆",,
7,석남역,EL,9,2240-773,승강장↔대합실,"(B3) 2호선 가정중앙시장역 방향 환승통로 안쪽 엘리베이터,(B2) 2호선<->7호선 환승통로",,
7,석남역,EL,10,2240-771,승강장↔대합실,"(B1) 4번/7번 출입구 오른방향 안쪽 엘리베이터,(1F) 7번 출입구 뒷편 고가도로 밑(2호선 8번 출입구 앞)",,
7,석남역,EL,11,2240-770,대합실↔지상,"(B1) 2번/3번 출입구 왼쪽 방향 엘리베이터,(1F) 2번 출입구 뒷편 고가도로 밑(2호선 3번 출입구 뒷편)",,
7,석남역,EL,7,2240-763,대합실↔지상,"(B4) 2호선<->7호선 환승통로,(B2) 2호선<->7호선 환승통로",,
1,검단호수공원역,ES,1,3816-260,지하1층↔지하2층,(B1) 종착역 승강장 3-4 출입문 앞,,
1,검단호수공원역,ES,2,3816-261,지하1층↔지하2층,(B1) 표 내는 곳 옆,,
1,검단호수공원역,ES,3,3816-262,지하1층↔지하2층,(B1) 수방자재창고 옆,,
1,검단호수공원역,ES,4,3816-263,지하1층↔지하2층,(B1) 엘리베이터 2호기 옆,,
1,검단호수공원역,ES,5,3816-264,지하1층↔지하2층,(B1) 신검단중앙역 방향 승강장 6-1 출입문 앞,,
1,검단호수공원역,ES,6,3816-265,지하1층↔지하2층,(B1) 인터폰 게이트 옆,,
1,검단호수공원역,ES,7,3816-275,대합실↔외부,(B1) 1번 출입구,,
1,검단호수공원역,ES,8,3816-276,대합실↔외부,(B1) 1번 출입구,,
1,검단호수공원역,ES,9,3816-277,대합실↔외부,(B1) 2번 출입구,,
1,검단호수공원역,ES,10,3816-281,대합실↔외부,(B1) 3번 출입구,,
1,검단호수공원역,ES,11,3816-282,대합실↔외부,(B1) 3번 출입구,,
1,검단호수공원역,ES,12,3816-283,대합실↔외부,(B1) 4번 출입구,,
1,신검단중앙역,ES,1,3816-271,지하1층↔지하2층,(B3) 검단호수공원역 방향 승강장 3-1 출입문 앞,,
1,신검단중앙역,ES,2,3816-266,지하1층↔지하2층,(B3) 검단호수공원역 방향 승강장 5-4 출입문 앞,,
1,신검단중앙역,ES,3,3816-267,지하1층↔지하2층,"(B2) 표 내는 곳 옆, 에스컬레이터 2호기 옆",,
1,신검단중앙역,ES,4,3816-268,지하1층↔지하2층,(B3) 아라역 방향 승강장 4-1 출입문 앞,,
1,신검단중앙역,ES,5,3816-269,지하1층↔지하2층,"(B2) 표 내는 곳 옆, 에스컬레이터 4호기 옆",,
1,신검단중앙역,ES,6,3816-270,지하1층↔지하2층,(B3) 아라역 방향 승강장 6-4 출입문 앞,,
1,신검단중앙역,ES,7,3816-272,대합실↔외부,(B2) 1번 출입구,,
1,신검단중앙역,ES,8,3816-273,대합실↔외부,(B2) 2번 출입구,,
1,신검단중앙역,ES,9,3816-274,대합실↔외부,(1F) 2번 출입구,,
1,신검단중앙역,ES,10,3816-278,대합실↔외부,(B2) 3번 출입구,,
1,신검단중앙역,ES,11,3816-279,대합실↔외부,(B2) 4번 출입구,,
1,신검단중앙역,ES,12,3816-280,대합실↔외부,(1F) 4번 출입구,,
1,아라역,ES,1,3816-259,지하1층↔지하2층,(B2) 신검단중앙역 방향 승강장 3-1 출입문 앞,,
1,아라역,ES,2,3816-254,지하1층↔지하2층,(B2) 신검단중앙역 방향 승강장 5-4 출입문 앞,,
1,아라역,ES,3,3816-255,지하1층↔지하2층,(B2) 신검단중앙역 방향 승강장 5-4 출입문 앞,,
1,아라역,ES,4,3816-256,지하1층↔지하2층,(B2) 계양역 방향 승강장 4-1 출입문 앞,,
1,아라역,ES,5,3816-257,지하1층↔지하2층,(B2) 계양역 방향 승강장 4-1 출입문 앞,,
1,아라역,ES,6,3816-258,지하1층↔지하2층,(B2) 계양역 방향 승강장 6-4 출입문 앞,,
1,아라역,ES,7,3816-284,지하1층↔지하2층,(B1) 1번 출입구,,
1,아라역,ES,8,3816-285,대합실↔외부,(B1) 1번 출입구,,
1,아라역,ES,9,3816-288,대합실↔외부,(B1) 2번 출입구,,
1,아라역,ES,10,3816-289,대합실↔외부,(B1) 2번 출입구,,
1,아라역,ES,11,3816-286,대합실↔외부,(B1) 3번 출입구,,
1,아라역,ES,12,3816-287,대합실↔외부,(B1) 3번 출입구,,
1,아라역,ES,13,3816-294,대합실↔외부,(B1) 4번 출입구,,
1,아라역,ES,14,3816-296,대합실↔외부,(B1) 5번 출입구,,
1,아라역,ES,15,3816-295,대합실↔외부,(B1) 5번 출입구,,
1,아라역,ES,16,3820-310,대합실↔외부,(B1) 6번 출입구,,
1,아라역,ES,17,3820-312,대합실↔외부,(B1) 7번 출입구,,
1,아라역,ES,18,3820-311,대합실↔외부,(B1) 7번 출입구,,
1,아라역,ES,19,3820-313,대합실↔외부,(B1) 8번 출입구,,
1,계양역,ES,1,3803-649,1층 ↔ 2층,(2F) 종착역 승강장 3-4 출입문 앞,,
1,계양역,ES,2,3803-650,1층 ↔ 2층,(2F) 종착역 승강장 7-4 출입문 앞,,
1,계양역,ES,3,3803-644,1층 ↔ 2층,(1F) 고객안내센터 옆,,
1,계양역,ES,4,3803-645,1층 ↔ 2층,(1F) 전기창고 옆,,
1,박촌역,ES,1,3816-038,대합실↔외부,(B1) 1번 출입구,,
1,박촌역,ES,2,3816-039,대합실↔외부,(M1) 1번 출입구 중간층,,
1,박촌역,ES,3,3816-036,대합실↔외부,(M1) 1번 출입구 중간층,,
1,박촌역,ES,4,3816-037,대합실↔외부,(1F) 1번 출입구,,
1,임학역,ES,1,3807-142,지하1층↔지하2층,(B1) 수유실 옆,,
1,임학역,ES,2,3807-143,지하1층↔지하2층,(B2) 박촌역 방향 승강장 3-4 출입문 앞,,
1,임학역,ES,3,3807-144,지하1층↔지하2층,(B1) 고객안내센터 옆,,
1,임학역,ES,4,3807-145,지하1층↔지하2층,(B2) 계산역 방향 승강장 6-1 출입문 앞,,
1,계산역,ES,1,3803-646,지하1층↔지하2층,(B2) 엘리베이터 2호기 옆,,
1,계산역,ES,2,3803-647,지하1층↔지하2층,(B2) 수유실 옆,,
1,계산역,ES,3,3802-685,승강장↔대합실,(B2) 표 내는 곳 옆,,
1,계산역,ES,4,3802-686,승강장↔대합실,(B3) 임학역 방향 승강장 4-1 출입문 앞,,
1,계산역,ES,5,3802-687,승강장↔대합실,(B3) 경인교대입구역 방향 승강장 4-1 출입문 앞,,
1,계산역,ES,6,3802-688,승강장↔대합실,(B2) 표 내는 곳 옆,,
1,계산역,ES,7,3809-101,대합실↔외부,(B1) 3번 출입구,,
1,계산역,ES,8,3809-102,대합실↔외부,(1F) 3번 출입구,,
1,경인교대입구역,ES,1,3803-643,지하1층↔지하2층,(B2) 발매기실 앞,,
1,경인교대입구역,ES,2,3803-642,지하1층↔지하2층,(B2) 엘리베이터 2호기 앞,,
1,경인교대입구역,ES,3,3802-681,승강장↔대합실,(B2) 표 내는 곳 옆,,
1,경인교대입구역,ES,4,3802-682,승강장↔대합실,(B3) 계산역 방향 승강장 3-4 출입문 앞,,
1,경인교대입구역,ES,5,3802-683,승강장↔대합실,(B3) 작전역 방향 승강장 3-4 출입문 앞,,
1,경인교대입구역,ES,6,3802-684,승강장↔대합실,(B2) 표 내는 곳 옆,,
1,경인교대입구역,ES,7,3816-034,대합실↔외부,(B1) 2번 출입구,,
1,경인교대입구역,ES,8,3816-035,대합실↔외부,(1F) 2번 출입구,,
1,작전역,ES,1,3802-579,승강장↔대합실,(B2) 경인교대입구역 방향 승강장 3-3 출입문 앞,,
1,작전역,ES,2,3802-677,승강장↔대합실,(B2) 갈산역 방향 승강장 4-1 출입문 앞,,
1,작전역,ES,3,3809-103,대합실↔외부,(B1) 5번 출입구,,
1,작전역,ES,4,3809-104,대합실↔외부,(1F) 5번 출입구,,
1,갈산역,ES,1,3802-674,승강장↔대합실,(B2) 작전역 방향 승강장 6-1 출입문 앞,,
1,갈산역,ES,2,3802-673,승강장↔대합실,(B1) 표 내는 곳 옆,,
1,갈산역,ES,3,3802-676,승강장↔대합실,(B2) 부평구청역 방향 승강장 3-4 출입문 앞,,
1,갈산역,ES,4,3802-675,승강장↔대합실,(B1) 표 내는 곳 옆,,
1,갈산역,ES,5,3810-115,대합실↔외부,(B1) 2번 출입구,,
1,갈산역,ES,6,3810-116,대합실↔외부,(1F) 2번 출입구,,
1,부평구청역,ES,1,3802-653,승강장↔대합실,(B2) 갈산역 방향 승강장 3-2 출입문 앞,,
1,부평구청역,ES,2,3802-654,승강장↔대합실,(B1) 기능실 복도 옆,,
1,부평구청역,ES,3,3802-655,승강장↔대합실,(B2) 갈산역 방향 승강장 5-3 출입문 앞,,
1,부평구청역,ES,4,3802-656,승강장↔대합실,(B1) 표 내는 곳 옆,,
1,부평구청역,ES,5,3802-657,승강장↔대합실,(B2) 부평시장역 방향 승강장 4-2 출입문 앞,,
1,부평구청역,ES,6,3802-658,승강장↔대합실,(B1) 표 내는 곳 옆,,
1,부평구청역,ES,7,3802-659,승강장↔대합실,(B2) 부평시장역 방향 승강장 6-3 출입문 앞,,
1,부평구청역,ES,8,3802-660,승강장↔대합실,(B1) 기능실 복도 옆,,
1,부평구청역,ES,9,3813-903,대합실↔외부,(B1) 1번 출입구,,
1,부평구청역,ES,10,3813-904,대합실↔외부,(1F) 1번 출입구,,
1,부평시장역,ES,1,3802-689,승강장↔대합실,(B2) 부평구청역 방향 승강장 6-1 출입문 앞,,
1,부평시장역,ES,2,3802-690,승강장↔대합실,(B1) 표 내는 곳 옆,,
1,부평시장역,ES,3,3802-691,승강장↔대합실,(B1) 표 내는 곳 옆,,
1,부평시장역,ES,4,3802-692,승강장↔대합실,(B2) 부평역 방향 승강장 6-1 출입문 앞,,
1,부평시장역,ES,5,3807-195,대합실↔외부,(B1) 2번 출입구,,
1,부평시장역,ES,6,3807-194,대합실↔외부,(1F) 2번 출입구,,
1,부평역,ES,1,3803-636,지하2층↔지하4층,(B2) 북광장 방향 대합실 임대상가 옆,,
1,부평역,ES,2,3803-637,지하2층↔지하4층,(B4) 동수역 방향 승강장 5-2 출입문 앞,,
1,부평역,ES,3,3803-638,지하2층↔지하4층,(B4) 부평시장역 방향 승강장 4-2 출입문 앞,,
1,부평역,ES,4,3803-639,지하2층↔지하4층,(B2) 북광장 방향 대합실 임대상가 옆,,
1,부평역,ES,5,3803-640,지하3층↔지하4층,(B3) 고객안내센터 방향 대합실,,
1,부평역,ES,6,3803-641,지하3층↔지하4층,(B4) 동수역 방향 승강장 2-2 출입문 앞,,
1,부평역,ES,7,3803-219,지하3층↔지하4층,(B4) 부평시장역 방향 승강장 7-2 출입문 앞,,
1,부평역,ES,8,3803-220,지하3층↔지하4층,(B3) 고객안내센터 방향 대합실,,
1,부평역,ES,9,3803-221,지하2층↔지하3층,(B2) 고객안내센터 앞,,
1,부평역,ES,10,3803-222,지하2층↔지하3층,(B3) 고객안내센터 방향 대합실,,
1,부평역,ES,11,3803-223,지하2층↔지하3층,(B3) 고객안내센터 방향 대합실,,
1,부평역,ES,12,3803-224,지하2층↔지하3층,(B2) 북광장 방향 대합실 임대상가 옆,,
1,부평역,ES,13,3803-225,환승통로↔지하2층,(B1) 북광장 방향,,
1,부평역,ES,14,3803-226,환승통로↔지하2층,(B2) 북광장 방향 대합실 임대상가 옆,,
1,부평역,ES,15,3803-207,단독 환승통로,(B2) 납광장 방향 대합실,,
1,부평역,ES,16,3803-208,단독 환승통로,(B1) 1번 출입구 방향 대합실,,
1,동수역,ES,1,3803-631,지하2층↔지하4층,(B2) 기능실 출입구 옆,,
1,동수역,ES,2,3803-632,지하2층↔지하4층,(B4) 부평역 방향 승강장 6-1 출입문 앞,,
1,동수역,ES,3,3803-633,지하2층↔지하4층,(B4) 부평삼거리역 방향 승강장 6-1 출입문 앞,,
1,동수역,ES,4,3803-634,지하2층↔지하4층,(B2) 기능실 출입구 옆,,
1,동수역,ES,5,3803-635,지하1층↔지하2층,(B2) 기능실 출입구 옆,,
1,동수역,ES,6,3813-996,대합실↔외부,(B1) 1번 출입구 근처 대합실,,
1,동수역,ES,7,3813-997,대합실↔외부,(1F) 1번 출입구 근처,,
1,부평삼거리역,ES,1,3803-227,지하2층↔지하3층,(B2) 대합실,,
1,부평삼거리역,ES,2,3803-228,지하2층↔지하3층,(B3) 대합실,,
1,부평삼거리역,ES,3,3803-229,지하1층↔지하2층,(B3) 대합실,,
1,부평삼거리역,ES,4,3803-230,지하1층↔지하2층,(B2) 대합실,,
1,부평삼거리역,ES,5,3813-994,대합실↔외부,(B1) 고객안내센터 앞,,
1,부평삼거리역,ES,6,3813-995,대합실↔외부,(1F) 1번 출입구 근처,,
1,간석오거리역,ES,1,3803-211,지하2층↔지하3층,(B3) 기능실 복도 앞,,
1,간석오거리역,ES,2,3803-212,지하2층↔지하3층,(B2) 옆무실 앞,,
1,간석오거리역,ES,3,3803-213,지하2층↔지하3층,(B3) 고객안내센터 맞은편,,
1,간석오거리역,ES,4,3803-214,지하2층↔지하3층,(B2) 기능실 복도 앞,,
1,간석오거리역,ES,5,3803-215,지하1층↔지하2층,(B1)  화장실 앞,,
1,간석오거리역,ES,6,3803-216,지하1층↔지하2층,(B2) 옆무실 옆,,
1,간석오거리역,ES,7,3803-217,지하1층↔지하2층,(B2) 임대상가 앞,,
1,간석오거리역,ES,8,3803-218,지하1층↔지하2층,(B1) 기능실 앞,,
1,간석오거리역,ES,9,3813-139,대합실↔외부,(B1) 화장실 옆,,
1,간석오거리역,ES,10,3813-140,대합실↔외부,(1F) 1번 출입구 근처,,
1,인천시청역 ,ES,1,3803-651,지하1층↔지하3층,(B1) 기능실 앞,,
1,인천시청역 ,ES,2,3803-652,지하1층↔지하3층,(B1) 기능실 앞,,
1,인천시청역 ,ES,3,3803-653,지하1층↔지하3층,(B3) 화장실 통로 방향,,
1,인천시청역 ,ES,4,3803-654,지하1층↔지하3층,(B3) 화장실 통로 방향,,
1,인천시청역 ,ES,5,3803-655,지상층↔지하1층,(B1) 3번 출입구 방향,,
1,인천시청역 ,ES,6,3803-656,지상층↔지하1층,(B2) 공연장 앞,,
1,인천시청역 ,ES,7,3807-147,지하3층↔지하4층,(B4)  간석오거리역 방향 승강장 3-3 출입구 앞,,
1,인천시청역 ,ES,8,3807-146,지하3층↔지하4층,(B3) 고객안내센터 앞,,
1,인천시청역 ,ES,9,3807-148,지하3층↔지하4층,(B3) 고객안내센터 앞,,
1,인천시청역 ,ES,10,3807-149,지하3층↔지하4층,(B4) 예술회관역 방향 승강장 6-1 출입구 앞,,
1,인천시청역 ,ES,11,3813-977,대합실↔외부,(B1) 3번 출입구 방향,,
1,인천시청역 ,ES,12,3813-976,대합실↔외부,(1F) 3번 출입구 앞,,
1,예술회관역,ES,1,3803-657,지하1층↔지하2층,(B2) 기능실 복도 앞,,
1,예술회관역,ES,2,3803-658,지하1층↔지하2층,(B1) 임대상가 앞,,
1,예술회관역,ES,3,3802-693,대합실 ↔ 승강장,(B2) 임대상가 앞,,
1,예술회관역,ES,4,3802-694,대합실 ↔ 승강장,(B3) 인천시청역 방향 승강장 3-4 출입구 앞,,
1,예술회관역,ES,5,3802-695,대합실 ↔ 승강장,(B3) 인천터미널역 방향 승강장 4-1 출입구 앞,,
1,예술회관역,ES,6,3802-696,대합실 ↔ 승강장,(B2) 고객안내센터 앞,,
1,예술회관역,ES,7,3807-192,대합실↔외부,(B1) 3번 출입구 방향,,
1,예술회관역,ES,8,3807-193,대합실↔외부,(1F) 3번 출입구 앞,,
1,인천터미널역,ES,1,3803-659,터미널↔연결통로,(B1) 고객안내센터 옆 임대상가 앞,,
1,인천터미널역,ES,2,3803-660,터미널↔연결통로,(M1) 백화점 출입구 앞,,
1,인천터미널역,ES,3,3802-701,승강장↔대합실,(B1) 대합실 고객안내센터 앞,,
1,인천터미널역,ES,4,3802-702,승강장↔대합실,(B2) 예술회관 방향 승강장 3-1 출입문 앞,,
1,인천터미널역,ES,5,3802-703,승강장↔대합실,(B1) 대합실 화장실 앞,,
1,인천터미널역,ES,6,3802-704,승강장↔대합실,(B2) 예술회관 방향 승강장 5-4 출입문 앞,,
1,인천터미널역,ES,7,3082-705,승강장↔대합실,(B1) 대합실 화장실 앞,,
1,인천터미널역,ES,8,3802-706,승강장↔대합실,(B2) 문학경기장 방향 승강장 4-1 출입문 앞,,
1,인천터미널역,ES,9,3802-707,승강장↔대합실,(B1) 대합실 고객안내센터 맞은편,,
1,인천터미널역,ES,10,3802-708,승강장↔대합실,(B2) 문학경기장 방향 승강장 6-4 출입문 앞,,
1,인천터미널역,ES,11,3807-188,"5,6번출구↔지상",(B1) 임대상가 앞 6번 출입구 방향,,
1,인천터미널역,ES,12,3807-189,"5,6번출구↔지상",(1F) 6번 출입구 앞,,
1,문학역,ES,1,3803-103,지하1층↔지하2층,(B1) 대합실 고객안내센터 맞은편,,
1,문학역,ES,2,3803-104,지하1층↔지하2층,(B2) 대합실,,
1,문학역,ES,3,3803-105,지하1층↔지하2층,(B2) 대합실,,
1,문학역,ES,4,3803-106,지하1층↔지하2층,(B1) 대합실 고객안내센터 옆,,
1,문학역,ES,5,3803-107,지상층↔지하1층,(B1) 대합실 고객안내센터 옆,,
1,문학역,ES,6,3803-108,지상층↔지하1층,(1F) 2번 출입구 앞,37.4346320,126.6970653
1,선학역,ES,1,3802-679,승강장↔대합실,(B2) 문학경기장 방향 승강장 3-2 출입문 앞,,
1,선학역,ES,2,3802-680,승강장↔대합실,(B2) 신연수 방향 승강장 4-4 출입문 앞,,
1,선학역,ES,3,3085-870,지상층↔대합실,(1F) 2번 출입구 앞,37.4265598,126.6991794
1,선학역,ES,4,3085-869,지상층↔대합실,(B1) 대합실 표 내는 곳 앞,,
1,신연수역,ES,1,3805-875,지상층↔대합실,(1F) 3번 출입구 앞,37.4179472,126.6934583
1,신연수역,ES,2,3805-876,지상층↔대합실,(B1) 대합실 표 내는 곳 앞,,
1,원인재역,ES,1,3807-150,지하1층↔지하2층,(B2) 신연수역 방향 승강장 7-3 열차 출입문 앞,,
1,원인재역,ES,2,3807-151,지하1층↔지하2층,(B1) 신연수역 승강장 방향,,
1,원인재역,ES,3,3807-152,지하1층↔지하2층,(B2) 동춘역 방향 승강장 2-1 열차 출입문 앞,,
1,원인재역,ES,4,3807-153,지하1층↔지하2층,(B1) 동춘역 승강장 방향,,
1,원인재역,ES,5,3813-119,지상층↔대합실,(B1) 2번/3번 출입구 방향,37.4117173,126.6868475
1,원인재역,ES,6,3813-120,지상층↔대합실,(1F) 4번 출입구,,
1,동춘역,ES,1,3802-697,대합실 ↔ 승강장,(B2) 원인재역 방향 승강장 3-2 열차 출입문 앞,,
1,동춘역,ES,2,3802-698,대합실 ↔ 승강장,(B1) 원인재역 승강장 방향,,
1,동춘역,ES,3,3802-699,대합실 ↔ 승강장,(B2) 동막역 방향 승강장 6-3 열차 출입문 앞,,
1,동춘역,ES,4,3802-700,대합실 ↔ 승강장,(B1) 동막역 승강장 방향,,
1,동춘역,ES,5,3806-289,지상층↔대합실,(B1) 1번 출입구 방향,37.4054851,126.6811611
1,동춘역,ES,6,3806-290,지상층↔대합실,(1F) 1번 출입구,,
1,동춘역,ES,7,3813-137,지상층↔대합실,(B1) 4번 출입구 방향,37.4045936,126.6796740
1,동춘역,ES,8,3813-138,지상층↔대합실,(1F) 4번 출입구,,
1,캠퍼스타운역,ES,1,3802-601,지하1층↔지하2층,(B2) 동막역 방향 승강장 3-3 열차 출입문 앞,,
1,캠퍼스타운역,ES,2,3802-602,지하1층↔지하2층,(B1) 동막역 승강장 방향,,
1,캠퍼스타운역,ES,3,3802-603,지하1층↔지하2층,(B2) 동막역 방향 승강장 6-2 열차 출입문 앞,,
1,캠퍼스타운역,ES,4,3802-604,지하1층↔지하2층,(B1) 동막역 승강장 방향,,
1,캠퍼스타운역,ES,5,3802-605,지하1층↔지하2층,(B2) 테크노파크역 방향 승강장 3-3 열차 출입문 앞,,
1,캠퍼스타운역,ES,6,3802-606,지하1층↔지하2층,(B1) 테크노파크역 승강장 방향,,
1,캠퍼스타운역,ES,7,3802-607,지하1층↔지하2층,(B2) 테크노파크역 방향 승강장 6-2 열차 출입문 앞,,
1,캠퍼스타운역,ES,8,3802-608,지하1층↔지하2층,(B1) 테크노파크역 승강장 방향,,
1,캠퍼스타운역,ES,9,3802-609,지상층↔지하1층,(B1) 1번 출입구 방향,37.3883743,126.6623137
1,캠퍼스타운역,ES,10,3802-610,지상층↔지하1층,(B1) 2번 출입구,,
1,캠퍼스타운역,ES,11,3802-611,지상층↔지하1층,(M1) 2번 출입구 방향 중간층,,
1,캠퍼스타운역,ES,12,3802-612,지상층↔지하1층,(M1) 2번 출입구 방향 중간층,,
1,캠퍼스타운역,ES,13,3802-613,지상층↔지하1층,(1F) 2번 출입구,37.3874296,126.6628063
1,캠퍼스타운역,ES,14,3802-614,지상층↔지하1층,(B1) 3번 출입구 방향,,
1,캠퍼스타운역,ES,15,3802-615,지상층↔지하1층,(1F) 3번 출입구,37.3879346,126.6613869
1,캠퍼스타운역,ES,16,3802-616,지상층↔지하1층,(B1) 4번 출입구 방향,,
1,캠퍼스타운역,ES,17,3802-617,지상층↔지하1층,(1F) 4번 출입구,37.3885129,126.6619517
1,테크노파크역,ES,1,3802-530,지하1층↔지하2층,(B2) 캠퍼스타운역 방향 승강장 3-3 출입문 앞,,
1,테크노파크역,ES,2,3802-531,지하1층↔지하2층,(B1) 캠퍼스타운역 승강장 방향,,
1,테크노파크역,ES,3,3802-532,지하1층↔지하2층,(B2) 캠퍼스타운역 방향 승강장 6-2 출입문 앞,,
1,테크노파크역,ES,4,3802-533,지하1층↔지하2층,(B1) 캠퍼스타운역 승강장 방향,,
1,테크노파크역,ES,5,3802-534,지하1층↔지하2층,(B2) 지식정보단지역 방향 승강장 3-3 출입문 앞,,
1,테크노파크역,ES,6,3802-535,지하1층↔지하2층,(B1) 지식정보단지역 승강장 방향,,
1,테크노파크역,ES,7,3802-536,지하1층↔지하2층,(B2) 지식정보단지역 방향 승강장 6-1 출입문 앞,,
1,테크노파크역,ES,8,3802-537,지하1층↔지하2층,(B1) 지식정보단지역 승강장 방향,,
1,테크노파크역,ES,9,3802-538,지상층↔지하1층,(B1) 1번 출입구 방향,,
1,테크노파크역,ES,10,3802-539,지상층↔지하1층,(1F) 1번 출입구,37.3825263,126.6567027
1,테크노파크역,ES,11,3802-540,지상층↔지하1층,(B1) 3번 출입구 방향,37.3818690,126.6560932
1,지식정보단지역,ES,1,3802-569,지상층↔지하1층,(B2) 테크노파크역 방향 승강장 3-3 출입문 앞,,
1,지식정보단지역,ES,2,3802-570,지상층↔지하1층,(B1) 테크노파크역 승강장 방향,,
1,지식정보단지역,ES,3,3802-571,지하1층↔지하2층,(B2) 테크노파크역 방향 승강장 6-2 출입문 앞,,
1,지식정보단지역,ES,4,3802-572,지하1층↔지하2층,(B1) 테크노파크역 승강장 방향,,
1,지식정보단지역,ES,5,3802-573,지하1층↔지하2층,(B2) 인천대입구역 방향 승강장 3-3 출입문 앞,,
1,지식정보단지역,ES,6,3802-574,지하1층↔지하2층,(B1) 인천대입구역 승강장 방향,,
1,지식정보단지역,ES,7,3802-575,지하1층↔지하2층,(B2) 인천대입구역 방향 승강장 6-2 출입문 앞,,
1,지식정보단지역,ES,8,3802-576,지하1층↔지하2층,(B1) 인천대입구역 승강장 방향,,
1,지식정보단지역,ES,9,3802-577,지상층↔지하1층,(B1) 3번 출입구 방향,,
1,지식정보단지역,ES,10,3802-578,지상층↔지하1층,(1F) 3번 출입구,37.3780658,126.6458728
1,인천대입구역,ES,1,3802-557,지하1층↔지하2층,(B2) 지식정보단지역 방향 승강장 4-2 출입문 앞,,
1,인천대입구역,ES,2,3802-558,지하1층↔지하2층,(B1) 지식정보단지역 승강장 방향,,
1,인천대입구역,ES,3,3802-559,지하1층↔지하2층,(B2) 지식정보단지역 방향 승강장 7-1 출입문 앞,,
1,인천대입구역,ES,4,3802-560,지하1층↔지하2층,(B1) 지식정보단지역 승강장 방향,,
1,인천대입구역,ES,5,3802-561,지하1층↔지하2층,(B2) 센트럴파크역 방향 승강장 2-4 출입문 앞,,
1,인천대입구역,ES,6,3802-562,지하1층↔지하2층,(B1) 센트럴파크역 승강장 방향,,
1,인천대입구역,ES,7,3802-563,지하1층↔지하2층,(B2) 센트럴파크역 방향 승강장 5-3 출입문 앞,,
1,인천대입구역,ES,8,3802-564,지하1층↔지하2층,(B1) 센트럴파크역 승강장 방향,,
1,인천대입구역,ES,13,3085-867,지상층↔지하1층,(1F) 1번 출입구,37.3851928,126.6391349
1,인천대입구역,ES,14,3085-868,지상층↔지하1층,(B1) 1번 출입구 방향,,
1,인천대입구역,ES,15,3819-422,지상층↔지하1층,(B1) 5번 출입구,37.3858918,126.6401026
1,인천대입구역,ES,16,3819-423,지상층↔지하1층,(B1) 5번 출입구,,
1,센트럴파크역,ES,1,3802-580,지하1층↔지하2층,(B2) 인천대입구역 방향 승강장 3-3 출입문 앞,,
1,센트럴파크역,ES,2,3802-581,지하1층↔지하2층,(B1) 인천대입구역 승강장 방향,,
1,센트럴파크역,ES,3,3802-582,지하1층↔지하2층,(B2) 인천대입구역 방향 승강장 6-2 출입문 앞,,
1,센트럴파크역,ES,4,3802-583,지하1층↔지하2층,(B1) 인천대입구역 승강장 방향,,
1,센트럴파크역,ES,5,3802-584,지하1층↔지하2층,(B2) 국제업무지구역 방향 승강장 3-3 출입문 앞,,
1,센트럴파크역,ES,6,3802-585,지하1층↔지하2층,(B1) 국제업무지구역 승강장 방향,,
1,센트럴파크역,ES,7,3802-586,지하1층↔지하2층,(B2) 국제업무지구역 방향 승강장 6-2 출입문 앞,,
1,센트럴파크역,ES,8,3802-587,지하1층↔지하2층,(B1) 국제업무지구역 승강장 방향,,
1,센트럴파크역,ES,9,3802-588,지상층↔지하1층,(1F) 1번 출입구,37.3931308,126.6340151
1,센트럴파크역,ES,10,3802-589,지상층↔지하1층,(B1) 1번 출입구 방향,,
1,센트럴파크역,ES,11,3802-590,지상층↔지하1층,(1F) 2번 출입구,37.3935524,126.6334060
1,센트럴파크역,ES,12,3802-591,지상층↔지하1층,(B1) 2번 출입구,,
1,센트럴파크역,ES,13,3802-592,지상층↔지하1층,(B1) 3번 출입구 방향,37.3933816,126.6350020
1,국제업무지구역,ES,1,3802-549,지하1층↔지하2층,(B1) 센트럴파크역 방향 승강장 2-2 출입문 앞,,
1,국제업무지구역,ES,2,3802-550,지하1층↔지하2층,(B1) 센트럴파크역 방향 승강장 4-2 출입문 앞,,
1,국제업무지구역,ES,3,3802-551,지하1층↔지하2층,(B2) 센트럴파크역 방향 승강장 8-1 출입문 앞,,
1,국제업무지구역,ES,4,3802-552,지하1층↔지하2층,(B1) 센트럴파크역 승강장 방향,,
1,국제업무지구역,ES,5,3802-553,지하1층↔지하2층,(B2) 송도달빛축제공원역 방향 승강장 1-4 출입문 앞,,
1,국제업무지구역,ES,6,3802-554,지하1층↔지하2층,(B1) 송도달빛축제공원역 승강장 방향,,
1,국제업무지구역,ES,7,3802-555,지하1층↔지하2층,(B2) 송도달빛축제공원역 방향 승강장 5-3 출입문 앞,,
1,국제업무지구역,ES,8,3802-556,지하1층↔지하2층,(B2) 송도달빛축축제공원역 방향 승강장 7-3 출입문 앞,,
1,국제업무지구역,ES,9,3815-435,지상층↔지하1층,3번출구 힐스테이트송도더스카이 연결통로,,
1,국제업무지구역,ES,10,3815-436,지상층↔지하1층,3번출구 힐스테이트송도더스카이 연결통로,,
1,송도달빛축제공원역,ES,1,3815-296,대합실 ↔ 승강장,(B2) 국제업무지구역 방향 승강장 3-3 출입문 앞,,
1,송도달빛축제공원역,ES,2,3815-297,대합실 ↔ 승강장,(B1) 국제업무지구역 승강장 방향,,
1,송도달빛축제공원역,ES,3,3815-298,대합실 ↔ 승강장,(B2) 국제업무지구역 방향 승강장 6-2 출입문 앞,,
1,송도달빛축제공원역,ES,4,3815-299,대합실 ↔ 승강장,(B1) 국제업무지구역 승강장 방향,,
1,송도달빛축제공원역,ES,5,3815-300,대합실 ↔ 승강장,(B2) 승강장 3-3 출입문 앞,,
1,송도달빛축제공원역,ES,6,3815-301,대합실 ↔ 승강장,(B1) 승강장 방향,,
1,송도달빛축제공원역,ES,7,3815-302,대합실 ↔ 승강장,(B2) 승강장 6-2 출입문 앞,,
1,송도달빛축제공원역,ES,8,3815-303,대합실 ↔ 승강장,(B1) 승강장 방향,,
1,송도달빛축제공원역,ES,9,3815-308,대합실↔외부,(B1) 1번/2번 출입구 방향,,
1,송도달빛축제공원역,ES,10,3815-309,대합실↔외부,(1F) 1번 출입구,37.4062648,126.6259093
1,송도달빛축제공원역,ES,11,3815-310,대합실↔외부,(B1) 1번/2번 출입구 방향,,
1,송도달빛축제공원역,ES,12,3815-311,대합실↔외부,(1F) 2번 출입구,37.4072179,126.6253003
1,송도달빛축제공원역,ES,13,3815-306,대합실↔외부,(B1) 3번/4번 출입구 방향,,
1,송도달빛축제공원역,ES,14,3815-307,대합실↔외부,(1F) 3번 출입구,37.4075134,126.6261403
1,송도달빛축제공원역,ES,15,3815-304,대합실↔외부,(B1) 3번/4번 출입구 방향,,
1,송도달빛축제공원역,ES,16,3815-305,대합실↔외부,(1F) 4번 출입구,37.4065444,126.6267296
2,검단오류역,ES,1,3809-663,지상1층↔지상2층,(1F) 2번 출입구 근처,,
2,검단오류역,ES,2,3809-662,지상1층↔지상2층,(2F) 엘리베이터 1호기 옆,,
2,검단오류역,ES,3,3809-658,지상2층↔지상3층,(3F) 검단오류역 방향 승강장 2-3 출입문 옆,,
2,검단오류역,ES,4,3809-659,지상2층↔지상3층,(2F) 엘리베이터 2호기 옆,,
2,검단오류역,ES,5,3809-660,지상2층↔지상3층,(3F) 왕길역 방향 승강장 1-1 출입문 옆,,
2,검단오류역,ES,6,3809-661,지상2층↔지상3층,(2F) 엘리베이터 3호기 옆,,
2,왕길역,ES,1,3809-669,지상1층↔지상2층,(1F) 1번 출입구 근처,,
2,왕길역,ES,2,3809-668,지상1층↔지상2층,(2F) 엘리베이터 1호기 옆,,
2,왕길역,ES,3,3809-665,지상2층↔지상3층,(2F) 엘리베이터 2호기 옆,,
2,왕길역,ES,4,3809-664,지상2층↔지상3층,(3F) 검단오류역 방향 1-1 승강장 출입문 옆,,
2,왕길역,ES,5,3809-667,지상2층↔지상3층,(2F) 엘리베이터 3호기 옆,,
2,왕길역,ES,6,3809-666,지상2층↔지상3층,(3F) 검단사거리역 방향 승강장 2-3 출입문 옆,,
2,검단사거리역,ES,1,3809-165,지하1층↔지하2층,(B1) 왕길역 방향 승강장 계단 앞,,
2,검단사거리역,ES,2,3809-166,지하1층↔지하2층,(B2) 왕길역 방향 승강장 1-1 출입문 옆,,
2,검단사거리역,ES,3,3809-163,지하1층↔지하2층,(B1) 마전역 방향 승강장 계단 앞,,
2,검단사거리역,ES,4,3809-164,지하1층↔지하2층,(B2) 마전역 방향 승강장 2-3 출입문 옆,,
2,검단사거리역,ES,5,3809-167,지상층↔지하1층,(B1) 엘리베이터 3호기 옆,,
2,마전역,ES,1,3809-171,지하1층↔지하3층,(B3) 검단사거리역 방향 승강장 2-3 출입문 옆,,
2,마전역,ES,2,3809-170,지하1층↔지하3층,(B1) 고객안내센터 옆,,
2,마전역,ES,3,3809-169,지하1층↔지하3층,(B1) 완정역 방향 승강장 1-1 출입문 옆,,
2,마전역,ES,4,3809-168,지하1층↔지하3층,(B1) 발매기실 옆,,
2,마전역,ES,5,3809-172,지상층↔지하1층,(B1) 엘리베이터 3호기 옆,,
2,완정역,ES,1,3810-254,지하2층↔지하3층,(B2) 엘리베이터 1호기 옆,,
2,완정역,ES,2,3810-253,지하2층↔지하3층,(B3) 마전역 방향 승강장 1-1 출입문 옆,,
2,완정역,ES,3,3810-251,지하2층↔지하3층,(B2) 엘리베이터 2호기 옆,,
2,완정역,ES,4,3810-252,지하2층↔지하3층,(B3) 독정역 방향 승강장 2-3 출입문 옆,,
2,완정역,ES,5,3810-255,지하1층↔지하2층,(B2) 중앙 계단 옆,,
2,완정역,ES,6,3810-256,지하1층↔지하2층,(B1) 표 내는 곳 앞,,
2,완정역,ES,7,3810-298,지상층↔지하1층,(B1) 엘리베이터 3호기 근처,,
2,완정역,ES,8,3810-297,지상층↔지하1층,(1F) 1번 출입구 근처,,
2,완정역,ES,9,3809-687,지상층↔지하1층,(B1) 3번 출입구 계단 앞,,
2,완정역,ES,10,3809-688,지상층↔지하1층,(1F) 2번 출입구 근처,,
2,독정역,ES,1,3810-344,지하2층↔지하3층,(B2) 엘리베이터 1호기 옆,,
2,독정역,ES,2,3810-343,지하2층↔지하3층,(B3) 완정역 방향 승강장 1-1 출입문 옆,,
2,독정역,ES,3,3810-351,지하2층↔지하3층,(B2) 엘리베이터 2호기 옆,,
2,독정역,ES,4,3810-352,지하2층↔지하3층,(B3) 검암역 방향 승강장 2-3 출입문 옆,,
2,독정역,ES,5,3810-346,지하1층↔지하2층,(B2) 중앙 계단 옆,,
2,독정역,ES,6,3810-345,지하1층↔지하2층,(B1) 표 내는 곳 앞,,
2,독정역,ES,7,3810-347,지상층↔지하1층,(B1) 엘리베이터 3호기 옆,,
2,독정역,ES,8,3810-348,지상층↔지하1층,(1F) 1번 출입구 근처,,
2,독정역,ES,9,3810-350,지상층↔지하1층,(B1) 엘리베이터 4호기 옆,,
2,독정역,ES,10,3810-349,지상층↔지하1층,(1F) 3번 출입구 근처,,
2,검암역,ES,1,3809-671,지상1층↔지상2층,(1F) 2번 출입구 근처,,
2,검암역,ES,2,3809-670,지상1층↔지상2층,(2F) 발매기 앞,,
2,검암역,ES,3,3809-673,지상1층↔지상2층,(1F) 공항철도 환승통로 ,,
2,검암역,ES,4,3809-672,지상1층↔지상2층,(2F) 엘리베이터 3호기 옆,,
2,검암역,ES,5,3809-674,지상2층↔지상3층,(2F) 고객안내센터 근처,,
2,검암역,ES,6,3809-675,지상2층↔지상3층,(3F) 중앙 계단 옆,,
2,검암역,ES,7,3809-676,지상3층↔지상4층,(4F) 독정역 방향 승강장 2-3 출입문 옆,,
2,검암역,ES,8,3809-677,지상3층↔지상4층,(3F) 독정역 방향 계단 앞,,
2,검암역,ES,9,3809-678,지상3층↔지상4층,(4F) 검바위역 방향 승강장 1-1 출입문 옆,,
2,검암역,ES,10,3809-679,지상3층↔지상4층,(3F) 검바위역 방향 승강장 계단 앞,,
2,검바위역,ES,1,3809-681,지상1층↔지상2층,(1F) 4번 출입구 근처,,
2,검바위역,ES,2,3809-680,지상1층↔지상2층,(2F) 엘리베이터 1호기 옆,,
2,검바위역,ES,3,3809-683,지상2층↔지상3층,(2F) 엘리베이터 2호기 옆,,
2,검바위역,ES,4,3809-682,지상2층↔지상3층,(3F) 검암역 방향 승강장 1-1 출입문 옆,,
2,검바위역,ES,5,3809-685,지상2층↔지상3층,(2F) 엘리베이터 3호기 옆,,
2,검바위역,ES,6,3809-684,지상2층↔지상3층,(3F) 아시아드경기장역 방향 승강장 2-3 출입문 옆,,
2,아시아드경기장역,ES,1,3809-173,지하1층↔지하2층,(B2) 검바위역 방향 승강장 2-3 출입문 옆,,
2,아시아드경기장역,ES,2,3809-174,지하1층↔지하2층,(B1) 엘리베이터 1호기 옆,,
2,아시아드경기장역,ES,3,3809-175,지하1층↔지하2층,(B2) 서구청역 방향 승강장 1-1 출입문 옆,,
2,아시아드경기장역,ES,4,3809-176,지하1층↔지하2층,(B1) 엘리베이터 2호기 옆,,
2,아시아드경기장역,ES,5,3809-177,지상층↔지하1층,(B1) 2번 출입구 계단 맞은편,,
2,아시아드경기장역,ES,6,3809-178,지상층↔지하1층,(1F) 1번 출입구 근처,,
2,아시아드경기장역,ES,7,3809-179,지상층↔지하1층,(B1) 3번 출입구 계단 앞,,
2,아시아드경기장역,ES,8,3809-180,지상층↔지하1층,(1F) 4번 출입구 근처,,
2,서구청역,ES,1,3809-183,지상2층↔지하3층,(B2) 엘리베이터 1호기 옆,,
2,서구청역,ES,2,3809-184,지상2층↔지하3층,(B3) 아시아드경기장역 방향 승강장 1-1 출입문 옆,,
2,서구청역,ES,3,3809-185,지상2층↔지하3층,(B2) 엘리베이터 2호기 옆,,
2,서구청역,ES,4,3809-186,지상2층↔지하3층,(B3) 가정역 방향 승강장 2-3 출입문 옆,,
2,서구청역,ES,5,3809-182,지하1층↔지하2층,(B2) 중앙 계단 옆,,
2,서구청역,ES,6,3809-181,지하1층↔지하2층,(B1) 표 내는 곳 앞,,
2,서구청역,ES,7,3809-187,지상층↔지하1층,(B1) 고객안내센터 옆,,
2,서구청역,ES,8,3809-188,지상층↔지하1층,(1F) 1번 출입구 근처,,
2,서구청역,ES,9,3809-189,지상층↔지하1층,(B1) 표 내는 곳 옆,,
2,서구청역,ES,10,3809-190,지상층↔지하1층,(1F) 4번 출입구 근처,,
2,가정역,ES,1,3810-282,지하2층↔지하3층,(B2) 4번 출입구 대합실 상선방향,,
2,가정역,ES,2,3810-283,지하2층↔지하3층,(B3) 서구청역 방향 1-1 출입문 앞,,
2,가정역,ES,3,3810-285,지하2층↔지하3층,(B2) 3번 출입구 대합실 상선방향,,
2,가정역,ES,4,3810-284,지하2층↔지하3층,(B3) 서구청역 방향 2-3 출입문 앞,,
2,가정역,ES,5,3810-289,지하2층↔지하3층,(B2) 3번 출입구 대합실 하선방향,,
2,가정역,ES,6,3810-288,지하2층↔지하3층,(B3) 가정중앙시장역 방향 1-1 출입문 앞,,
2,가정역,ES,7,3810-287,지하2층↔지하3층,(B2) 4번 출입구 대합실 하선방향 ,,
2,가정역,ES,8,3810-286,지하2층↔지하3층,(B3) 가정중앙시장역 방향 2-3 출입문 앞,,
2,가정역,ES,9,3810-275,지하1층↔지하2층,(B2) 4번 출입구 대합실,,
2,가정역,ES,10,3810-274,지하1층↔지하2층,(M1) 4번 출입구 대합실 중간층,,
2,가정역,ES,11,3810-280,지하1층↔지하2층,(B2) 3번출입구 대합실,,
2,가정역,ES,12,3810-281,지하1층↔지하2층,(B1.5) 3번 출입구 대합실 중간층,,
2,가정역,ES,13,3810-272,지하1층↔지하2층,(B1.5) 4번 출입구 대합실 중간층,,
2,가정역,ES,14,3810-273,지하1층↔지하2층,(B1) 4번 출입구 대합실,,
2,가정역,ES,15,3810-278,지하1층↔지하2층,(B1.5) 3번 출입구 대합실 중간층,,
2,가정역,ES,16,3810-279,지하1층↔지하2층,(B1) 3번 출입구 대합실,,
2,가정역,ES,17,3810-276,지상층↔지하1층,(B1) 3번 출입구 근처,,
2,가정역,ES,18,3810-277,지상층↔지하1층,(1F) 3번 출입구 근처,,
2,가정중앙시장역,ES,1,3810-292,지하1층↔지하2층,(B2) 가정역 방향 2-3 근처,,
2,가정중앙시장역,ES,2,3810-293,지하1층↔지하2층,(B1) 대합실 상선방향,,
2,가정중앙시장역,ES,3,3810-294,지하1층↔지하2층,(B2) 석남역 방향 1-1 근처,,
2,가정중앙시장역,ES,4,3810-295,지하1층↔지하2층,(B1) 대합실 하선방향,,
2,가정중앙시장역,ES,5,3810-290,지상층↔지하1층,(B1) 대합실 1번 출입구 방향,,
2,가정중앙시장역,ES,6,3810-291,지상층↔지하1층,(1F) 1번 출입구 근처,,
2,석남역,ES,1,3809-214,지하1층↔지하2층,(B2) 가정중앙시장역 방향 2-3 출입문 앞,,
2,석남역,ES,2,3809-213,지하1층↔지하2층,(B1) 대합실 상선방향,,
2,석남역,ES,3,3809-212,지하1층↔지하2층,(B2) 서부여성회관역 방향 1-1 출입문 앞,,
2,석남역,ES,4,3809-211,지하1층↔지하2층,(B1) 대합실 하선방향,,
2,서부여성회관역,ES,1,3809-210,지하1층↔지하2층,(B2) 석남역 방향 2-3 출입문 앞,,
2,서부여성회관역,ES,2,3809-209,지하1층↔지하2층,(B1) 대합실 상선방향,,
2,서부여성회관역,ES,3,3809-208,지하1층↔지하2층,(B2) 인천가좌역 방향 1-1 출입문 앞,,
2,서부여성회관역,ES,4,3809-207,지하1층↔지하2층,(B1) 대합실 하선방향,,
2,인천가좌역,ES,1,3809-162,지하2층↔지하3층 ,(B3) 서부여성회관역 방향 2-3 출입문 앞,,
2,인천가좌역,ES,2,3809-161,지하2층↔지하3층 ,(B2) 대합실 상선방향,,
2,인천가좌역,ES,3,3809-160,지하2층↔지하3층 ,(B3) 가재울역 방향 1-1 출입문 앞,,
2,인천가좌역,ES,4,3809-159,지하2층↔지하3층 ,(B2) 대합실 하선방향,,
2,인천가좌역,ES,5,3809-158,지하1층↔지하2층,(B2) 대합실 중앙,,
2,인천가좌역,ES,6,3809-157,지하1층↔지하2층,(B1) 대합실 고객안내센터 앞,,
2,가재울역,ES,1,3813-147,지하2층↔지하3층,(B3) 인천가좌역 방향 2-3 출입문 앞,,
2,가재울역,ES,2,3813-148,지하2층↔지하3층,(B2) 대합실 E/V 1호기 옆,,
2,가재울역,ES,3,3813-145,지하2층↔지하3층,(B3) 주안국가산단역 방향 1-1 출입문 앞,,
2,가재울역,ES,4,3813-146,지하2층↔지하3층,(B2) 대합실 E/V 2호기 옆,,
2,가재울역,ES,5,3813-143,지하1층↔지하2층,(B2) 대합실 중앙,,
2,가재울역,ES,6,3813-144,지하1층↔지하2층,(B1) 대합실 고객안내센터 옆,,
2,가재울역,ES,7,3813-141,지상층↔지하1층,(B1) 2번 출입구 방향,,
2,가재울역,ES,8,3813-142,지상층↔지하1층,(1F) 2번 출입구 근처,,
2,주안국가산단역,ES,1,3813-155,지하2층↔지하3층,(B3) 가재울역 방향 2-3 출입문 앞,,
2,주안국가산단역,ES,2,3813-156,지하2층↔지하3층,(B2) 대합실 상선방향,,
2,주안국가산단역,ES,3,3813-153,지하2층↔지하3층,(B3) 주안역 방향 1-1 출입문 앞,,
2,주안국가산단역,ES,4,3813-154,지하2층↔지하3층,(B2) 대합실 하선방향,,
2,주안국가산단역,ES,5,3813-151,지하1층↔지하2층,(B2) 대합실 중앙,,
2,주안국가산단역,ES,6,3813-152,지하1층↔지하2층,(B1) 대합실 고객안내센터 앞,,
2,주안역,ES,1,3809-695,지하2층↔지하3층,(B2) 대합실 상선방향,,
2,주안역,ES,2,3809-696,지하2층↔지하3층,(B3) 주안국가산단 방향 1-1 출입문 앞,,
2,주안역,ES,3,3809-697,지하2층↔지하3층,(B2) 대합실 하선방향,,
2,주안역,ES,4,3809-698,지하2층↔지하3층,(B3) 시민공원 방향 2-3 출입문 앞,,
2,주안역,ES,5,3809-694,지하1층↔지하2층,(B2) 대합실 중앙,,
2,주안역,ES,6,3809-693,지하1층↔지하2층,(B1) 대합실 고객안내센터 앞,,
2,주안역,ES,7,3809-690,지상층↔지하1층,(B1) 대합실 5번 출입구 방향,,
2,주안역,ES,8,3809-689,지상층↔지하1층,(1F) 5번 출입구 근처,,
2,주안역,ES,9,3809-700,환승층↔지하1층,(B1) 대합실 주안역(코레일) 상선방향,,
2,주안역,ES,10,3809-699,환승층↔지하1층,(1F) 주안역(코레일) 승강장 상선,,
2,주안역,ES,11,3809-692,환승층↔지하1층,(B1) 대합실 주안역(코레일) 하선방향,,
2,주안역,ES,12,3809-691,환승층↔지하1층,(1F) 주안역(코레일) 승강장 하선,,
2,시민공원역,ES,1,3809-204,지하1층↔지하3층,(B3) 주안역 방향 1-3 승강장 출입문 옆,,
2,시민공원역,ES,2,3809-203,지하1층↔지하3층,(B1) 고객안내센터 앞,,
2,시민공원역,ES,3,3809-206,지하1층↔지하3층,(B3) 석바위시장역 방향 2-1 승강장 출입문 옆,,
2,시민공원역,ES,4,3809-205,지하1층↔지하3층,(B1) 고객안내센터 앞,,
2,시민공원역,ES,5,3809-202,지하상가↔지하1층,(B1) 엘리베이터 5호기 옆,,
2,석바위시장역,ES,1,3809-199,지하1층↔지하3층,(B3) 시민공원역 방향 1-3 승강장 출입문 옆,,
2,석바위시장역,ES,2,3809-198,지하1층↔지하3층,(B1) 고객안내센터 앞,,
2,석바위시장역,ES,3,3809-201,지하1층↔지하3층,(B3) 인천시청역 방향 2-1 승강장 출입문 옆,,
2,석바위시장역,ES,4,3809-200,지하1층↔지하3층,(B1) 고객안내센터 앞,,
2,석바위시장역,ES,5,3809-197,지하상가↔지하1층,(B1) 수유실 옆,,
2,인천시청역 ,ES,1,3810-061,지하1층↔지하2층 ,(B1) 엘리베이터 1호기 옆,,
2,인천시청역 ,ES,2,3810-062,지하1층↔지하2층 ,(B2) 석바위시장역 방향 2-3 승강장 출입문 옆,,
2,인천시청역 ,ES,3,3810-063,지하1층↔지하2층 ,(B2) 석천사거리역 방향 1-1 승강장 출입문 옆,,
2,인천시청역 ,ES,4,3810-064,지하1층↔지하2층 ,(B1) 고객안내센터 옆,,
2,인천시청역 ,ES,5,3810-072,지하3층↔지하4층 ,(B4) 엘리베이터 3호기 옆,,
2,인천시청역 ,ES,6,3810-071,지하3층↔지하4층 ,(B4) 엘리베이터 4호기 옆,,
2,인천시청역 ,ES,7,3810-069,지하2층↔지하3층 ,(B3) 에스컬레이터 5호기 앞,,
2,인천시청역 ,ES,8,3810-070,지하2층↔지하3층 ,(B3) 승강용역사무실 옆,,
2,인천시청역 ,ES,9,3810-065,지상층↔지하1층,(B1) 엘리베이터 7호기 앞,,
2,인천시청역 ,ES,10,3810-066,지상층↔지하1층,(1F) 8번 출입구 근처,,
2,인천시청역 ,ES,11,3810-067,지상층↔지하1층,(B1) 엘리베이터 8호기 앞,,
2,인천시청역 ,ES,12,3810-068,지상층↔지하1층,(1F) 7번 출입구 근처,,
2,석천사거리역,ES,1,3807-198,지하1층↔지하2층 ,(B1) 엘리베이터 1호기 옆,,
2,석천사거리역,ES,2,3807-197,지하1층↔지하2층 ,(B2) 인천시청역 방향 1-1 승강장 출입문 옆,,
2,석천사거리역,ES,3,3807-200,지하1층↔지하2층 ,(B1) 엘리베이터 2호기 옆,,
2,석천사거리역,ES,4,3807-199,지하1층↔지하2층 ,(B2) 모래내시장역 방향 2-3 승강장 출입문 옆,,
2,석천사거리역,ES,5,3810-075,지상층↔지하1층,(1F) 1번 출입구 근처,,
2,석천사거리역,ES,6,3810-076,지상층↔지하1층,(B1) 엘리베이터 3호기 옆,,
2,석천사거리역,ES,7,3810-077,지상층↔지하1층,(B1) 엘리베이터 3호기 옆,,
2,석천사거리역,ES,8,3810-074,지상층↔지하1층,(1F) 3번 출입구 근처,,
2,석천사거리역,ES,9,3810-073,지상층↔지하1층,(B1) 엘리베이터 4호기 앞,,
2,모래내시장역,ES,1,3810-247,지하2층↔지하3층,(B3) 석천사거리역 방향 2-3 승강장 출입문 옆,,
2,모래내시장역,ES,2,3810-248,지하2층↔지하3층,(B2) 엘리베이터 1호기 옆,,
2,모래내시장역,ES,3,3810-250,지하2층↔지하3층,(B3) 만수역 방향 1-1 승강장 출입문 옆,,
2,모래내시장역,ES,4,3810-249,지하2층↔지하3층,(B2) 엘리베이터 2호기 옆,,
2,모래내시장역,ES,5,3810-245,지하1층↔지하2층,(B2) 고객안내센터 옆,,
2,모래내시장역,ES,6,3810-246,지하1층↔지하2층,(B1) 화장실 앞,,
2,모래내시장역,ES,7,3809-686,지상층↔지하1층,(B1) 대합실,,
2,모래내시장역,ES,8,3810-242,지상층↔지하1층,(1F) 1번 출입구 근처,,
2,모래내시장역,ES,9,3810-243,지상층↔지하1층,(B1) 대합실,,
2,모래내시장역,ES,10,3810-244,지상층↔지하1층,(1F) 4번 출입구 근처,,
2,만수역,ES,1,3813-121,지하1층↔지하2층,(B1) 엘리베이터 1호기 옆,,
2,만수역,ES,2,3813-122,지하1층↔지하2층,(B2) 모래내시장역 방향 1-1 승강장 출입문 옆,,
2,만수역,ES,3,3813-123,지하1층↔지하2층,(B1) 엘리베이터 2호기 옆,,
2,만수역,ES,4,3813-124,지하1층↔지하2층,(B2) 남동구청역 방향 2-3 승강장 출입문 옆,,
2,만수역,ES,5,3813-126,지상층↔지하1층,(B1) 엘리베이터 3호기 뒤,,
2,만수역,ES,6,3813-125,지상층↔지하1층,(1F) 1번 출입구 근처,,
2,만수역,ES,7,3813-127,지상층↔지하1층,(B1) 엘리베이터 4호기 앞,,
2,만수역,ES,8,3813-128,지상층↔지하1층,(1F) 3번 출입구 근처,,
2,남동구청역,ES,1,3813-129,지하2층↔지하3층,(B1) 엘리베이터 1호기 옆,,
2,남동구청역,ES,2,3813-130,지하2층↔지하3층,(B2) 만수역 방향 1-1 승강장 출입문 옆,,
2,남동구청역,ES,3,3813-131,지하2층↔지하3층,(B1) 엘리베이터 2호기 옆,,
2,남동구청역,ES,4,3813-132,지하2층↔지하3층,(B2) 인천대공원역 방향 2-3 승강장 출입문 옆,,
2,남동구청역,ES,5,3813-134,지하1층↔지하2층,(B1) 엘리베이터 3호기 뒤,,
2,남동구청역,ES,6,3813-133,지하1층↔지하2층,(1F) 2번 출입구 근처,,
2,남동구청역,ES,7,3813-136,지하1층↔지하2층,(B1) 엘리베이터 4호기 앞,,
2,남동구청역,ES,8,3813-135,지하1층↔지하2층,(1F) 4번 출입구 근처,,
2,인천대공원역,ES,1,3809-195,지상1층↔지상2층,(1F) 3번 출입구 근처,,
2,인천대공원역,ES,2,3809-196,지상1층↔지상2층,(2F) 엘리베이터 1호기 옆,,
2,인천대공원역,ES,3,3809-192,지상2층↔지상3층,(3F) 남동구청역 방향 2-3 승강장 출입문 옆,,
2,인천대공원역,ES,4,3809-191,지상2층↔지상3층,(2F) 고객안내센터 옆,,
2,인천대공원역,ES,5,3809-194,지상2층↔지상3층,(3F) 운연역 방향 1-1 승강장 출입문 옆,,
2,인천대공원역,ES,6,3809-193,지상2층↔지상3층,(2F) 고객안내센터 맞은편,,
2,운연역,ES,1,3810-353,지상층↔지하1층,(B1) 인천대공원역 방향 2-3 승강장 출입문 옆,,
2,운연역,ES,2,3810-354,지상층↔지하1층,(1F) 엘리베이터 1호기 옆,,
2,운연역,ES,3,3810-355,지상층↔지하1층,(B1) 종착역 1-1 승강장 출입문 옆,,
2,운연역,ES,4,3810-356,지상층↔지하1층,(1F) 엘리베이터 2호기 옆,,
7,까치울역,ES,1,3806-259,B1-B2,(B2) 부천종합운동장 방향 승강장 6-1 출입문 앞,,
7,까치울역,ES,2,3806-260,B1-B2,"(B1) 고객안내센터옆, 2번 출입구방향",,
7,까치울역,ES,3,3806-261,B1-B2,(B2) 온수 방향 승강장 6-1 출입문 앞,,
7,까치울역,ES,4,3806-262,B1-B2,"(B1)표 내는 곳 내 기능실 복도 옆, 3번 출입구방향",,
7,까치울역,ES,5,3804-414,F1-B1,(B1) 3번 출입구 방향,,
7,까치울역,ES,6,3806-263,F1-B1,(1F) 3번 출입구 앞,,
7,까치울역,ES,7,3806-265,F1-B1,(B1) 4번 출입구 방향,,
7,까치울역,ES,8,3806-264,F1-B1,(1F) 4번 출입구 앞,,
7,까치울역,ES,9,3806-266,F1-B1,(B1) 5번 출입구 방향,,
7,까치울역,ES,10,3804-411,F1-B1,(1F) 5번 출입구 앞,,
7,부천종합운동장역,ES,1,3802-991,B1-B2,"(B2) 까치울역 방향 4-1 출입문 앞, 춘의역 방향 5-1 출입문 앞",,
7,부천종합운동장역,ES,2,3802-992,B1-B2,(B1) 대합실 표 내는 곳 앞,,
7,부천종합운동장역,ES,3,3802-993,B1-B2,"(B2) 까치울역 방향 6-4 출입문 앞, 춘의역 방향 3-1 출입문 앞",,
7,부천종합운동장역,ES,4,3802-994,B1-B2,(B1) 대합실 표 내는 곳 앞,,
7,부천종합운동장역,ES,5,3802-995,F1-B1,(B1) 1번 출입구 방향 대합실,,
7,부천종합운동장역,ES,6,3802-996,F1-B1,(1F) 1번 출입구 앞,,
7,부천종합운동장역,ES,7,3802-999,BM1-B1,(B1) 2번 출입구 방향 대합실,,
7,부천종합운동장역,ES,8,3803-000 ,BM1-B1,(M1) 2번 출입구 방향 중간층,,
7,부천종합운동장역,ES,9,3802-997 ,F1-BM1,(M1) 2번 출입구 방향 중간층,,
7,부천종합운동장역,ES,10,3802-998 ,F1-BM1,(1F) 2번 출입구 앞,,
7,부천종합운동장역,ES,11,3804-431,BM1-B1,(B1) 3번 출입구 방향 대합실,,
7,부천종합운동장역,ES,12,3804-432,BM1-B1,(M1) 3번 출입구 방향 중간층,,
7,부천종합운동장역,ES,13,3804-433,F1-BM1,(M1) 3번 출입구 방향 중간층,,
7,부천종합운동장역,ES,14,3804-434,F1-BM1,(1F) 3번 출입구 앞,,
7,부천종합운동장역,ES,15,3804-435,BM1-B1,"(B1) 4번 출입구, 환승 방향 대합실",,
7,부천종합운동장역,ES,16,3802-990,BM1-B1,"(M1) 4번 출입구, 환승 방향 중간층",,
7,춘의역,ES,1,3804-419,B1-B2,"(B2) 부천종합운동장역 방향 승강장 3-3, 신중동역 방향 승강장 6-2 사이의 중앙",,
7,춘의역,ES,2,3804-420,B1-B2,(B1) 고객안내센터 옆,,
7,춘의역,ES,3,3804-421,B1-B2,"(B2) 부천종합운동장역 방향 승강장 6-2, 신중동역 방향 승강장 3-3 사이의 중앙",,
7,춘의역,ES,4,3804-422,B1-B2,(B1) 고객안내센터 옆,,
7,춘의역,ES,5,3804-423,F1-B1,(B1) 대합실 1번/2번 출입구,,
7,춘의역,ES,6,3804-424,F1-B1,(1F) 1번/2번 출입구 사이 ,,
7,춘의역,ES,7,3804-425,F1-B1,(B1) 대합실 3번 출입구,,
7,춘의역,ES,8,3804-426,F1-B1,(1F) 3번 출입구 인근,,
7,춘의역,ES,9,3804-427,F1-B1,(B1) 대합실 6번 출입구,,
7,춘의역,ES,10,3804-428,F1-B1,(1F) 6번 출입구 인근,,
7,춘의역,ES,11,3804-429,F1-B1,(B1) 대합실 8번 출입구,,
7,춘의역,ES,12,3804-430,F1-B1,(1F) 8번 출입구 인근,,
7,신중동역,ES,1,3804-351,B1-B2,(B2) 춘의역 방향 승강장 3-1 출입문 앞,,
7,신중동역,ES,2,3804-352,B1-B2,(B2) 부천시청역 방향 승강장 6-4 출입문 앞,,
7,신중동역,ES,3,3804-353,B1-B2,(B2) 춘의역 방향 승강장 5-2 출입문 앞,,
7,신중동역,ES,4,3804-354,B1-B2,(B1) 고객안내센터 반대편,,
7,신중동역,ES,5,3804-355,B1-B2,(B2) 부천시청역 방향 승강장 4-3 출입문 앞,,
7,신중동역,ES,6,3804-356,B1-B2,(B1) 고객안내센터 옆,,
7,신중동역,ES,7,3804-357,F1-B1,(B1) 대합실 1번 출입구,,
7,신중동역,ES,8,3804-358,F1-B1,(1F) 1번 출입구 근처,,
7,신중동역,ES,9,3804-359,BM1-B1,(B1) 대합실 4번/5번 출입구,,
7,신중동역,ES,10,3804-360,BM1-B1,(M1) 4번/5번 출입구 방향 중간층,,
7,신중동역,ES,11,3804-361,F1-BM1,(M1) 4번 출입구 중간층,,
7,신중동역,ES,12,3804-362,F1-BM1,(1F) 4번 출입구,,
7,신중동역,ES,13,3804-363,F1-B1,(B1) 대합실 7번 출입구,,
7,신중동역,ES,14,3804-364,F1-B1,(1F) 7번 출입구,,
7,신중동역,ES,15,3815-666,B1-1,(M1) 5번 출입구 중간층 - 랜드마크푸르지오시티 연결부 층,,
7,신중동역,ES,16,3815-667,B1-1,(1F) 5번 출입구,,
7,부천시청역,ES,1,3804-395,B1-B2,(B2) 신중동역 방향 승강장 4-4 출입문 앞,,
7,부천시청역,ES,2,3804-393,B1-B2,(B1) 표 내는 곳 내 계단 옆(신중동역 방향),,
7,부천시청역,ES,3,3804-396,B1-B2,(B2) 상동역 방향 승강장 5-1 출입문 앞,,
7,부천시청역,ES,4,3804-394,B1-B2,(B1) 표 내는 곳 내 계단 옆(상동역 방향),,
7,부천시청역,ES,5,3806-593,F1-B1,(B1) 1번 출입구 근처 대합실,,
7,부천시청역,ES,6,3084-407,F1-B1,(1F) 1번 출입구 근처,,
7,부천시청역,ES,7,3804-412 ,B1-F1,(B1) 2번 출입구 근처 대합실,,
7,부천시청역,ES,8,3806-594,F1-B1,(1F) 2번 출입구 근처,,
7,부천시청역,ES,9,3806-595,F1-B1,(B1) 4번 출입구 근처 대합실,,
7,부천시청역,ES,10,3084-408,F1-B1,(1F) 4번 출입구 근처,,
7,부천시청역,ES,11,3804-413 ,B1-F1,(B1) 5번 출입구 근처 대합실,,
7,부천시청역,ES,12,3806-596,F1-B1,(1F) 5번 출입구 근처,,
7,상동역,ES,1,3804-365,B1-B2,(B2) 승강장 상선 3-3 출입문 앞,,
7,상동역,ES,2,3804-366,B1-B2,(B2) 승강장 하선 6-2 출입문 앞,,
7,상동역,ES,3,3804-367,B1-B2,(B2) 승강장 상선 6-1 출입문 앞,,
7,상동역,ES,4,3804-368,B1-B2,(B2) 승강장 하선 4-2 출입문 앞,,
7,상동역,ES,5,3804-369,F1-B1,(B1) 1번 출입구 근처 대합실,,
7,상동역,ES,6,3804-370,F1-B1,(1F) 1번 출입구 근처,,
7,상동역,ES,7,3804-371,F1-B1,(B1) 3번 출입구 근처 대합실(도서관 옆),,
7,상동역,ES,8,3804-372,F1-B1,(1F) 3번 출입구 근처,,
7,상동역,ES,9,3804-373,F1-B1,(B1) 5번 출입구 근처 대합실(상상정거장 옆),,
7,상동역,ES,10,3804-374,F1-B1,(1F) 5번 출입구 근처,,
7,상동역,ES,11,3804-375,F1-B1,(B1) 7번 출입구 근처 대합실(상상정거장 옆),,
7,상동역,ES,12,3804-376,F1-B1,(1F) 7번 출입구 근처,,
7,삼산체육관역,ES,1,3806-376,B1-B2,(B1) E/V 1호기 근처 대합실,,
7,삼산체육관역,ES,2,3806-377,B1-B2,(B2) 승강장 하선 6-3 출입문 앞,,
7,삼산체육관역,ES,3,3806-378,B1-B2,(B2) 승강장 상선 5-3 출입문 앞,,
7,삼산체육관역,ES,4,3806-379,B1-B2,(B2) 승강장 하선 4-2 출입문 앞,,
7,삼산체육관역,ES,5,3806-380,F1-B1,(B1) 1번 출입구 근처 대합실(E/V 3호기),,
7,삼산체육관역,ES,6,3806-381,F1-B1,(1F) 1번 출입구 근처,,
7,삼산체육관역,ES,7,3806-382,F1-B1,(B1) 2번 출입구 근처 대합실(E/V 3호기),,
7,삼산체육관역,ES,8,3806-383,F1-B1,(1F) 2번 출입구 근처,,
7,삼산체육관역,ES,9,3806-384,F1-B1,(B1) 3번 출입구 근처 대합실(E/V 4호기),,
7,삼산체육관역,ES,10,3806-385,F1-B1,(1F) 3번 출입구 근처,,
7,삼산체육관역,ES,11,3806-386,F1-B1,(B1) 4번 출입구 근처 대합실,,
7,삼산체육관역,ES,12,3806-387,F1-B1,(1F) 4번 출입구 근처,,
7,삼산체육관역,ES,13,3806-388,F1-B1,(B1) 5번 출입구 근처 대합실,,
7,삼산체육관역,ES,14,3806-389,F1-B1,(1F) 5번 출입구 근처,,
7,굴포천역,ES,1,3806-362,B1-B2,(B2) 삼산체육관역 방향 승강장 3-3 출입문 앞,,
7,굴포천역,ES,2,3806-363,B1-B2,(B2) 부평구청역 방향 승강장 6-2 출입문 앞,,
7,굴포천역,ES,3,3806-364,B1-B2,(B2) 삼산체육관역 방향 승강장 6-1 출입문 앞,,
7,굴포천역,ES,4,3806-365,B1-B2,(B2) 부평구청역 방향 승강장 3-4 출입문 앞,,
7,굴포천역,ES,5,3806-368,BM1-B1,(B1) 1번/2번 출입구 근처 대합실,,
7,굴포천역,ES,6,3806-369,BM1-B1,(M1) 1번/2번 출입구 근처 계단참,,
7,굴포천역,ES,7,3806-366,F1-BM1,(M1) 2번 출입구 근처 계단참,,
7,굴포천역,ES,8,3806-367,F1-BM1,(1F) 2번 출입구 근처,,
7,굴포천역,ES,9,3806-372,BM1-B1,(B1) 3번/4번 출입구 근처 대합실,,
7,굴포천역,ES,10,3806-373,BM1-B1,(M1) 3번/4번 출입구 근처 계단참,,
7,굴포천역,ES,11,3806-370,F1-BM1,(M1) 3번 출입구 근처 계단참,,
7,굴포천역,ES,12,3806-371,F1-BM1,(M1) 4번 출입구 근처 계단참,,
7,굴포천역,ES,13,3806-374,F1-B1,(B1) 5번 출입구 근처 대합실,,
7,굴포천역,ES,14,3806-375,F1-B1,(B1) 6번 출입구 근처 대합실,,
7,부평구청역,ES,1,3806-360,B2-B3,(B2) 1호선(갈산역 방향)<->7호선(굴포천역 방향) 환승통로 앞쪽,,
7,부평구청역,ES,2,3806-361,B2-B3,(B3) 산곡역 방향 7-1 출입문 앞,,
7,부평구청역,ES,3,3806-358,B2-B3,(B2) 1호선(갈산역 방향)<->7호선(굴포천역 방향) 환승통로 뒤쪽,,
7,부평구청역,ES,4,3806-359,B2-B3,(B3) 산곡역 방향 5-2 출입문 앞,,
7,부평구청역,ES,5,3806-350,B2-B3,(B2) 1호선(부평시장역 방향)<->7호선(굴포천역 방향) 환승통로,,
7,부평구청역,ES,6,3806-351,B2-B3,(B3) 산곡역 방향 2-2 출입문 앞,,
7,부평구청역,ES,7,3806-354,B1-B2,(B2) 1호선<->7호선 환승통로 3번/4번/5번 출입구 방향,,
7,부평구청역,ES,8,3806-355,B1-B2,"(B1) 3, 4, 5번 출입구 방향 표 내는곳 안쪽",,
7,부평구청역,ES,9,3806-352,B1-B2,(B2) 1호선<->7호선 환승통로 1번/2번/6번/7번/8번/9번 출입구 방향,,
7,부평구청역,ES,10,3806-353,B1-B2,(B1) 1번/2번/6번/7번/8번/9번 출입구 방향 표 내는곳 안쪽,,
7,부평구청역,ES,11,3806-349,F1-B1,(B1) 5번 출입구 방향,,
7,부평구청역,ES,12,3806-357,F1-B1,(1F) 5번 출입구,,
7,부평구청역,ES,13,3806-356,BM1-B1,(B1) 6번/7번 출입구 방향,,
7,부평구청역,ES,14,3806-347,F1-BM1,(M1) 7번 출입구 방향 중간층,,
7,부평구청역,ES,15,3806-348,F1-BM1,(1F) 7번 출입구,,
7,산곡역,ES,1,3815-575,승강장→대합실,(B2) 7호선 부평구청역 방향 3-3 출입문 앞,,
7,산곡역,ES,2,3815-576,대합실→승강장,(B1) 7호선 부평구청역 방향 대합실 앞쪽,,
7,산곡역,ES,3,3815-573,승강장→대합실,(B2) 7호선 석남역 방향 6-1 출입문 앞,,
7,산곡역,ES,4,3815-574,대합실→승강장,(B1) 7호선 석남역 방향 대합실 뒤쪽,,
7,산곡역,ES,5,3815-571 ,승강장→대합실,(B2) 7호선 부평구청역 방향 6-1 출입문 앞,,
7,산곡역,ES,6,3815-572,승강장→대합실,(B2) 7호선 석남역 방향 3-4 출입문 앞,,
7,산곡역,ES,7,3818-577,대합실→2번출구,(B1) 2번 출입구 방향,,
7,산곡역,ES,8,3815-578,2번출구→대합실,(1F) 2번 출입구,,
7,산곡역,ES,9,3815-579,대합실→4번출구,(B1) 4번 출입구 방향,,
7,산곡역,ES,10,3815-580,4번출구→대합실,(1F) 4번 출입구,,
7,산곡역,ES,11,3815-581,대합실→5번출구,(B1) 5번 출입구 방향,,
7,산곡역,ES,12,3815-582,5번출구→대합실,(1F) 5번 출입구,,
7,산곡역,ES,13,3815-583,대합실→7번출구,(B1) 7번 출입구 방향,,
7,산곡역,ES,14,3815-584,7번출구→대합실,(1F) 7번 출입구,,
7,석남역,ES,1,3816-201,승강장→대합실,(B5) 산곡역 방향 2-4 출입문 앞,,
7,석남역,ES,2,3816-202,대합실→승강장,(B4) 2호선<->7호선(산곡역 방향) 환승통로,,
7,석남역,ES,3,3816-203,승강장→대합실,(B5) 종착역 방향 7-1 출입문 앞,,
7,석남역,ES,4,3816-204,대합실→승강장,(B4) 2호선<->7호선 환승통로,,
7,석남역,ES,5,3816-207,승강장→대합실,(B5) 산곡역 방향 6-3 출입문 앞,,
7,석남역,ES,6,3816-208,대합실→승강장,(B4) 고객안내센터 옆,,
7,석남역,ES,7,3816-205,승강장→대합실,(B5) 종착역 방향 3-2 출입문 앞,,
7,석남역,ES,8,3816-206,대합실→승강장,(B4) 고객안내센터 옆,,
7,석남역,ES,9,3816-211,대합실→대합실,(B4) 5번/6번 출입구 방향,,
7,석남역,ES,10,3816-212,대합실→대합실,(B2) 5번 출입구 방향,,
7,석남역,ES,11,3816-209,대합실→대합실,(B4) 5번/6번 출입구 방향,,
7,석남역,ES,12,3816-210,대합실→대합실,(B2) 6번 출입구 방향,,
7,석남역,ES,13,3816-213,대합실→대합실,(B4) 2호선<->7호선 환승통로,,
7,석남역,ES,14,3816-214,대합실→대합실,(B2) 2호선<->7호선 환승통로,,
7,석남역,ES,15,3816-215,승강장→대합실,(B3) 2호선 서부여성회관역 방향 환승통로,,
7,석남역,ES,16,3816-216,대합실→승강장,(B2) 2호선(서부여성회관역 방향)<->7호선 환승통로,,
7,석남역,ES,17,3816-217,승강장→대합실,(B3) 2호선 가정중앙시장역 방향 환승통로,,
7,석남역,ES,18,3816-218,대합실→승강장,(B2) 2호선(가정중앙시장역 방향)<->7호선 환승통로,,
7,석남역,ES,19,3816-219,대합실→대합실,"(B2) 2호선<->7호선 환승통로(2,3,4,7번 출입구 방향)",,
7,석남역,ES,20,3816-220,대합실→대합실,(B1) 간이 안내소 옆,,
7,석남역,ES,21,3816-222,5번출구→대합실,(B2) 5번 출입구 방향,,
7,석남역,ES,22,3816-221,대합실→5번출구,(1F) 5번 출입구,,
7,석남역,ES,23,3816-224,6번출구→대합실,(B2) 6번 출입구 방향,,
7,석남역,ES,24,3816-223,대합실→6번출구,(1F) 6번 출입구,,
7,석남역,ES,25,3816-225,2번출구→대합실,(B1) 7번 출입구 방향(4번 출입구 계단 옆),,
7,석남역,ES,26,3816-226,대합실→2번출구,(1F) 7번 출입구 방향,,
7,석남역,ES,27,3816-227,7번출구→대합실,(B1) 2번 출입구 방향(3번 출입구 계단 옆),,
7,석남역,ES,28,3816-228,대합실→7번출구,(1F) 2번 출입구 방향,,
