시설명,시도명,시군구명,시군구코드,소재지도로명주소,소재지지번주소,위도,경도,설치장소명,평일운영시작시각,평일운영종료시각,토요일운영시작시각,토요일운영종료시각,공휴일운영시작시각,공휴일운영종료시각,동시사용가능대수,공기주입가능여부,휴대전화충전기가능여부,관리기관명,데이터기준일자
강화군장애인회관,인천광역시,강화군,35700,인천광역시 강화군 강화읍 강화대로 373,인천광역시 강화군 강화읍 신문리 10-10,37.74410187,126.4886289,강화군장애인회관 입구 좌측,0:00,23:59,0:00,0:00,0:00,0:00,1,Y,N,인천광역시 강화군청,2025-01-14
강화군장애인복지관,인천광역시,강화군,35700,인천광역시 강화군 강화읍 충렬사로 63,인천광역시 강화군 강화읍 남산리 356,37.73443166,126.4824918,강화군장애인복지관 1층 입구 오른쪽 복도,9:00,18:00,0:00,0:00,0:00,0:00,1,Y,N,인천광역시 강화군청,2025-01-14
강화읍사무소,인천광역시,강화군,35700,인천광역시 강화군 강화읍 강화대로440번길 10,인천광역시 강화군 강화읍 관청리 551,37.74815636,126.4835215,강화읍사무소 입구 우측,9:00,18:00,0:00,0:00,0:00,0:00,1,Y,N,인천광역시 강화군청,2025-01-14
길상면사무소,인천광역시,강화군,35700,인천광역시 강화군 길상면 강화동로 15,인천광역시 강화군 길상면 온수리 502-3,37.64035969,126.4910236,길상면사무소 입구 우측,9:00,18:00,0:00,0:00,0:00,0:00,1,Y,N,인천광역시 강화군청,2025-01-14
강화군청,인천광역시,강화군,35700,인천광역시 강화군 강화읍 강화대로 394,인천광역시 강화군 강화읍 관청리 163,37.74613047,126.487735,강화군청 후문 입구 우측,9:00,18:00,0:00,0:00,0:00,0:00,1,Y,N,인천광역시 강화군청,2025-01-14
선원면사무소,인천광역시,강화군,35700,인천광역시 강화군 선원면 대문고개로 22,인천광역시 강화군 선원면 금월리 235-1,37.71355037,126.4848583,선원면사무소 입구 우측,9:00,18:00,0:00,0:00,0:00,0:00,1,Y,N,인천광역시 강화군청,2025-01-14
화도면사무소,인천광역시,강화군,35700,인천광역시 강화군 화도면 마니산로703-14,,37.63169254,126.4198643,화도면사무소 입구,9:00,18:00,0:00,0:00,0:00,0:00,1,Y,N,인천광역시 강화군청,2025-01-14
서도면사무소,인천광역시,강화군,35700,인천광역시 강화군 서도면 주문도1길16,,37.65038459,126.2391354,서도면사무소 입구,9:00,18:00,0:00,0:00,0:00,0:00,1,Y,N,인천광역시 강화군청,2025-01-14
강화군노인문화센터,인천광역시,강화군,35700,인천광역시 강화군 길상면 마니산로36,,37.6425401,126.4871996,노인문화센터 입구,9:00,18:00,0:00,0:00,0:00,0:00,1,Y,N,인천광역시 강화군청,2025-01-14
영흥면 주민자치센터,인천광역시,옹진군,35800,인천광역시 옹진군 영흥면 영흥로251번길 90,인천광역시 옹진군 영흥면 내리 202-3,37.25609956,126.4833427,영흥면 주민자치센터,9:00,22:00,0:00,0:00,0:00,0:00,1,Y,N,인천광역시 강화군청,2025-01-14
영흥늘푸른센터,인천광역시,옹진군,35800,인천광역시 옹진군 영흥면 영흥로176번길 8,인천광역시 옹진군 영흥면 내리 1867,37.25884534,126.4937456,영흥면 늘푸른센터 1층 무인민원발급기 앞,9:00,22:00,0:00,0:00,0:00,0:00,1,Y,N,인천광역시 옹진군청,2025-01-14
덕적면사무소,인천광역시,옹진군,35800,인천광역시 옹진군 덕적면 덕적북로 130,인천광역시 옹진군 덕적면 진리 170,37.22767749,126.1446984,덕적면사무소,9:00,22:00,0:00,0:00,0:00,0:00,1,Y,N,인천광역시 옹진군청,2025-01-14
중구청,인천광역시,중구,34900,인천광역시 중구 신포로27번길 80,인천광역시 중구 관동1가 9-1,37.47408104,126.6213401,중구청별관 입구 좌측 주차장 안쪽,9:00,18:00,0:00,0:00,0:00,0:00,1,Y,N,인천광역시 중구청,2025-01-14
영종종합청사,인천광역시,중구,34900,인천광역시 중구 운남서로 100,인천광역시 중구 운남동 1511,37.49416117,126.5314849,영종동 행정복지센터 입구 전방 좌측,9:00,18:00,0:00,0:00,0:00,0:00,1,Y,N,인천광역시 중구청,2025-01-14
중구보건소,인천광역시,중구,34900,인천광역시 중구 참외전로72번길 21,인천광역시 중구 전동 2-1,37.47724416,126.6291077,중구보건소 정문 앞,9:00,18:00,0:00,0:00,0:00,0:00,1,Y,N,인천광역시 중구청,2025-01-14
운서동 행정복지센터,인천광역시,중구,34900,인천광역시 중구 흰바위로27번길 10,인천광역시 중구 운서동 2792-3,37.49332988,126.4883439,운서동 행정복지센터 2층 대회의실,9:00,18:00,0:00,0:00,0:00,0:00,1,Y,N,인천광역시 중구청,2025-01-14
개항동 행정복지센터,인천광역시,중구,34900,인천광역시 중구 흰바위로27번길 10,인천광역시 중구 북성동2가 10-8,37.49333114,126.4883441,개항동행정복지센터 입구,9:00,18:00,0:00,0:00,0:00,0:00,1,Y,N,인천광역시 중구청,2025-01-14
연안동 행정복지센터,인천광역시,중구,34900,인천광역시 중구 축항대로86번길 44,인천광역시 중구 항동7가 58-70,37.45322917,126.6045162,연안동 행정복지센터 1층,9:00,18:00,0:00,0:00,0:00,0:00,1,Y,N,인천광역시 중구청,2025-01-14
중구장애인종합복지관,인천광역시,중구,34900,인천광역시 중구 매소홀로10,인천광역시 중구 신흥동 3가 30-17,37.45278277,126.6282058,중구장애인종합복지관 입구 왼편,9:00,18:00,0:00,0:00,0:00,0:00,1,Y,N,인천광역시 중구청,2025-01-14
성미가엘종합사회복지관,인천광역시,중구,34900,인천광역시 중구 송학로 40,인천광역시 중구 내동 3-5,37.47444945,126.6272621,성미기엘종합사회복지관 입구 왼편,9:00,18:00,0:00,0:00,0:00,0:00,1,Y,N,인천광역시 중구청,2025-01-14
화교역사관,인천광역시,중구,34900,인천광역시 중구 제물량로 236,인천광역시 중구 항동1가 1-16,37.47350117,126.6191602,화교역사관 1층 입구,9:00,18:00,0:00,0:00,0:00,0:00,1,Y,N,인천광역시 중구청,2025-01-14
월미도관광안내소,인천광역시,중구,34900,인천광역시 중구 월미문화로 36,인천광역시 중구 북성동1가 98-6,37.47531715,126.5975764,월미도관광안내소 입구,9:00,18:00,0:00,0:00,0:00,0:00,1,Y,N,인천광역시 중구청,2025-01-14
동인천역,인천광역시,중구,34900,인천광역시 중구 참외전로 121,,37.47587614,126.6318126,동인천역 1번 출구,9:00,18:00,0:00,0:00,0:00,0:00,2,Y,N,인천광역시 중구청,2025-01-14
도원역,인천광역시,중구,34900,인천광역시 중구 참외전로 245,,37.46873619,126.6425772,도원역 3번 출구,9:00,18:00,0:00,0:00,0:00,0:00,1,Y,N,인천광역시 중구청,2025-01-14
하버파크호텔,인천광역시,중구,34900,인천광역시 중구 제물량로 217,,37.47212436,126.6195586,하버파크호텔 주 출입구,9:00,18:00,0:00,0:00,0:00,0:00,1,Y,N,인천광역시 중구청,2025-01-14
성미가엘종합사회복지관,인천광역시,중구,34900,인천광역시 중구 송학로 40,,37.47444927,126.6272884,성미가엘종합사회복지관 건물 입구 오른편,9:00,23:59,0:00,0:00,0:00,0:00,1,Y,N,인천광역시 중구청,2025-01-14
동구한마음종합복지관,인천광역시,동구,34900,인천광역시 동구 만석로 53,인천광역시 동구 만석동 30-7,37.4817331,126.6251887,1층 정문 오른쪽 로비,9:00,18:00,0:00,0:00,0:00,0:00,1,Y,N,인천광역시 동구청,2025-01-14
동구노인복지관,인천광역시,동구,34900,인천광역시 동구 샛골로 177,인천광역시 동구 송림동 124-48,37.47837247,126.644556,정문 입구  자전거 보관소 근처,9:00,18:00,0:00,0:00,0:00,0:00,1,Y,N,인천광역시 동구청,2025-01-14
동구노인문화센터,인천광역시,동구,34900,인천광역시 동구 솔빛로 13,인천광역시 동구 송현동 156,37.4768407,126.6349407,정문입구 오른쪽 로비,9:00,18:00,0:00,0:00,0:00,0:00,1,Y,N,인천광역시 동구청,2025-01-14
동구청,인천광역시,동구,34900,인천광역시 동구 금곡로 67,,37.47340981,126.6429082,본관 엘리베이터 앞쪽 길,9:00,18:00,0:00,0:00,0:00,0:00,1,Y,N,인천광역시 동구청,2025-01-14
숭의종합사회복지관,인천광역시,미추홀구,35105,인천광역시 미추홀구 독배로 485,,37.46064895,126.645004,정문 앞,9:00,18:00,0:00,0:00,0:00,0:00,1,Y,N,인천광역시 미추홀구청,2025-01-14
동인천역,인천광역시,동구,34900,인천광역시 중구 참외전로 121,,37.47587614,126.6318126,4번출구 엘리베이터 옆,5:00,23:59,0:00,0:00,0:00,0:00,1,Y,N,인천광역시 동구청,2025-01-14
인천지하철2호선시민공원역,인천광역시,미추홀구,35105,인천광역시 미추홀구 매소홀로 618,인천광역시 미추홀구 주안동 189,37.43654516,126.6864606,역무실 뒤편,5:00,23:59,0:00,0:00,0:00,0:00,1,Y,N,인천광역시 미추홀구청,2025-01-14
인천지하철2호선석바위시장역,인천광역시,미추홀구,35105,인천광역시 미추홀구 매소홀로 618,인천광역시 미추홀구 주안동 1597,37.43654516,126.6864606,역무실 뒤편,5:00,23:59,0:00,0:00,0:00,0:00,1,Y,N,인천광역시 미추홀구청,2025-01-14
인하대역,인천광역시,미추홀구,35105,인천광역시 미추홀구 매소홀로 618,인천광역시 미추홀구 용현동 294-3,37.43654516,126.6864606,인하대역 맞이방(지하) 고객편의시설(도서관) 옆,5:00,23:59,0:00,0:00,0:00,0:00,1,Y,N,인천광역시 미추홀구청,2025-01-14
숭의역,인천광역시,미추홀구,35105,인천광역시 미추홀구 매소홀로 618,인천광역시 미추홀구 주안동 1597,37.43654516,126.6864606,맞이방 1번출구 방풍문 바깥쪽,5:00,23:59,0:00,0:00,0:00,0:00,1,Y,N,인천광역시 미추홀구청,2025-01-14
인천문학경기장,인천광역시,미추홀구,35105,인천광역시 미추홀구 매소홀로 618,인천광역시 미추홀구 문학동 482,37.43654516,126.6864606,주경기장 서측로비주변,9:00,18:00,0:00,0:00,0:00,0:00,1,Y,N,인천광역시 미추홀구청,2025-01-14
숭의보건지소,인천광역시,미추홀구,35105,인천광역시 미추홀구 경인로 54,인천광역시 미추홀구 숭의동 176-5,37.4644957,126.6490169,주출입구,9:00,18:00,0:00,0:00,0:00,0:00,1,Y,N,인천광역시 미추홀구청,2025-01-14
송암점자도서관,인천광역시,미추홀구,35105,인천광역시 미추홀구 한나루로357번길 105-19,인천광역시 미추홀구 학익동 709-1,37.43811766,126.6560275,주차장,9:00,18:00,0:00,0:00,0:00,0:00,1,Y,N,인천광역시 미추홀구청,2025-01-14
미추홀장애인종합복지관,인천광역시,미추홀구,35105,인천광역시 미추홀구 경원대로 714,인천광역시 미추홀구 관교동 469,37.4462735,126.6903305,시설 내 한아름어린이집 옆,9:00,18:00,0:00,0:00,0:00,0:00,1,Y,N,인천광역시 미추홀구청,2025-01-14
인천지체장애인협회 미추홀구지회,인천광역시,미추홀구,35105,인천광역시 미추홀구 독정이로9번길 25,인천광역시 미추홀구 용현동 491-46,37.45692083,126.6533086,사무실 내,9:00,18:00,0:00,0:00,0:00,0:00,1,Y,N,인천광역시 미추홀구청,2025-01-14
인천뇌병변장애인인권협회,인천광역시,미추홀구,35105,인천광역시 미추홀구 염창로 46,인천광역시 미추홀구 주안동 29-4,37.46562508,126.6788714,사무실 내,9:00,18:00,0:00,0:00,0:00,0:00,1,Y,N,인천광역시 미추홀구청,2025-01-14
"용현1,4동행정복지센터",인천광역시,미추홀구,35105,인천광역시 미추홀구 인주대로 198,인천광역시 미추홀구 용현동 140-10,37.45480112,126.6585755,지상1층 정수기 옆,9:00,18:00,0:00,0:00,0:00,0:00,1,Y,N,인천광역시 미추홀구청,2025-01-14
"도화2,3동행정복지센터",인천광역시,미추홀구,35105,인천광역시 미추홀구 장고개로 29-1,인천광역시 미추홀구 도화동 1011-1,37.47093592,126.666114,지하1층 복도,9:00,18:00,0:00,0:00,0:00,0:00,1,Y,N,인천광역시 미추홀구청,2025-01-14
주안5동행정복지센터,인천광역시,미추홀구,35105,인천광역시 미추홀구 석정로461번길 21,,37.46704508,126.6864719,무인민원발급기 옆,9:00,18:00,0:00,0:00,0:00,0:00,1,Y,N,인천광역시 미추홀구청,2025-01-14
숭의2동행정복지센터,인천광역시,미추홀구,35105,인천광역시 미추홀구 경인로34번길 20,,37.46301763,126.6472698,입구 실내,9:00,18:00,0:00,0:00,0:00,0:00,1,Y,N,인천광역시 미추홀구청,2025-01-14
부개공원,인천광역시,부평구,35300,인천광역시 부평구 길주로708,,37.50604588,126.7411034,공용화장실 앞,0:00,23:59,0:00,0:00,0:00,0:00,1,Y,N,인천광역시 부평구청,2025-01-14
연수구청,인천광역시,연수구,35200,인천광역시 연수구 원인재로 115,인천광역시 연수구 동춘동 923-5,37.40949246,126.678382,연수구청 동문 출입구,0:00,23:59,0:00,0:00,0:00,0:00,1,Y,N,인천광역시 연수구청,2025-01-14
동춘역,인천광역시,연수구,35200,인천광역시 연수구 경원대로 지하 180,인천광역시 연수구 동춘동 926-11,37.40490741,126.6807457,동춘역(인천1호선) 대합실 중앙,9:00,18:00,0:00,0:00,0:00,0:00,1,Y,N,인천광역시 연수구청,2025-01-14
선학동 행정복지센터,인천광역시,연수구,35200,인천광역시 연수구 선학로 54,인천광역시 연수구 선학동 341-1,37.42249849,126.7012953,선학동 행정복지센터 정문 중간문 사이 설치,9:00,18:00,0:00,0:00,0:00,0:00,1,Y,N,인천광역시 연수구청,2025-01-14
연수3동 행정복지센터,인천광역시,연수구,35200,인천광역시 연수구 원인재로 283,인천광역시 연수구 연수동 533-2,37.4193036,126.691982,연수3동 행정복지센터 정문 입구 민원대 맞은편,0:00,23:59,0:00,0:00,0:00,0:00,1,Y,N,인천광역시 연수구청,2025-01-14
선학역,인천광역시,연수구,35200,인천광역시 연수구 경원대로 지하 480,인천광역시 연수구 선학동 241-2,37.4271102,126.698938,선학역 대합실,0:00,23:59,0:00,0:00,0:00,0:00,1,Y,N,인천광역시 연수구청,2025-01-14
신연수역,인천광역시,연수구,35200,인천광역시 연수구 경원대로 지하 368,인천광역시 연수구 선학동 384,37.42345704,126.6962616,신연수역 대합실(1번 출구 방향),0:00,23:59,0:00,0:00,0:00,0:00,1,Y,N,인천광역시 연수구청,2025-01-14
원인재역,인천광역시,연수구,35200,인천광역시 연수구 경원대로 지하 285,인천광역시 연수구 연수동 647,37.41795455,126.6938545,원인재역 역무사업소 앞,9:00,18:00,0:00,0:00,0:00,0:00,1,Y,N,인천광역시 연수구청,2025-01-14
옥련1동행정복지센터,인천광역시,연수구,35200,인천광역시 연수구 비류대로186번길 14,인천광역시 연수구 옥련동 643-1,37.4273591,126.6550908,옥련1동행정복지센터 정문 입구,9:00,18:00,0:00,0:00,0:00,0:00,1,Y,N,인천광역시 연수구청,2025-01-14
옥련2동행정복지센터,인천광역시,연수구,35200,인천광역시 연수구 옥련로 82,인천광역시 연수구 옥련동 238,37.4261502,126.6482901,옥련2동행정복지센터 청사 1층 후문 입구,9:00,18:00,0:00,0:00,0:00,0:00,1,Y,N,인천광역시 연수구청,2025-01-14
연수1동행정복지센터,인천광역시,연수구,35200,인천광역시 연수구 함박뫼로 127,인천광역시 연수구 연수동 535-3,37.42225406,126.6810562,연수1동행정복지센터1층 민원실 출입문 앞,9:00,18:00,0:00,0:00,0:00,0:00,1,Y,N,인천광역시 연수구청,2025-01-14
동춘1동행정복지센터,인천광역시,연수구,35200,인천광역시 연수구 먼우금로 117,인천광역시 연수구 동춘동 921-2,37.40960121,126.6707753,동춘1동행정복지센터 정문 출입 후 우측,9:00,18:00,0:00,0:00,0:00,0:00,1,Y,N,인천광역시 연수구청,2025-01-14
송도1동행정복지센터,인천광역시,연수구,35200,인천광역시 연수구 하모니로35번길 8,인천광역시 연수구 송도동 3-33,37.3910487,126.652061,송도1동행정복지센터 청사 내 복도 좌측,9:00,18:00,0:00,0:00,0:00,0:00,1,Y,N,인천광역시 연수구청,2025-01-14
송도2동행정복지센터,인천광역시,연수구,35200,인천광역시 연수구 신송로 248,인천광역시 연수구 송도동 16-3,37.40327221,126.6416481,송도2동행정복지센터 1층 정문 현관 우측,9:00,18:00,0:00,0:00,0:00,0:00,1,Y,N,인천광역시 연수구청,2025-01-14
송도3동행정복지센터,인천광역시,연수구,35200,인천광역시 연수구 송도교육로 63,인천광역시 연수구 송도동 194-2,37.37148829,126.6601662,송도3동행정복지센터 정문 출입 후 우측,0:00,23:59,0:00,0:00,0:00,0:00,1,Y,N,인천광역시 연수구청,2025-01-14
인천지하철1호선 문학경기장역,인천광역시,연수구,35200,인천광역시 연수구 신송로 248,인천광역시 연수구 선학동 117-1,37.40327221,126.6416481,인천지하철1호선 문학경기장역 지하1층 대합실,0:00,23:59,0:00,0:00,0:00,0:00,1,Y,N,인천광역시 연수구청,2025-01-14
인천지하철1호선 동막역,인천광역시,연수구,35200,인천광역시 연수구 신송로 248,인천광역시 연수구 동춘동 927-1,37.40327221,126.6416481,인천지하철1호선 동막역 대합실(화장실 근처),0:00,23:59,0:00,0:00,0:00,0:00,1,Y,N,인천광역시 연수구청,2025-01-14
인천지하철1호선 캠퍼스타운역,인천광역시,연수구,35200,인천광역시 연수구 신송로 248,인천광역시 연수구 송도동 3-47,37.40327221,126.6416481,인천지하철1호선 캠퍼스타운역 대합실(화장실 근처),0:00,23:59,0:00,0:00,0:00,0:00,1,Y,N,인천광역시 연수구청,2025-01-14
인천지하철1호선 테크노파크역,인천광역시,연수구,35200,인천광역시 연수구 신송로 248,인천광역시 연수구 송도동 48,37.40327221,126.6416481,인천지하철1호선 테크노파크역 대합실(외부화장실 앞),0:00,23:59,0:00,0:00,0:00,0:00,1,Y,N,인천광역시 연수구청,2025-01-14
인천지하철1호선 지식정보단지역,인천광역시,연수구,35200,인천광역시 연수구 신송로 248,인천광역시 연수구 송도동 48,37.40327221,126.6416481,인천지하철1호선 지식정보단지역 대합실(엘리베이터 맞은편),0:00,23:59,0:00,0:00,0:00,0:00,1,Y,N,인천광역시 연수구청,2025-01-14
인천지하철1호선 인천대입구역,인천광역시,연수구,35200,인천광역시 연수구 신송로 248,인천광역시 연수구 송도동 48,37.40327221,126.6416481,인천지하철1호선 인천대입구역 대합실(3번 출구 방향),0:00,23:59,0:00,0:00,0:00,0:00,1,Y,N,인천광역시 연수구청,2025-01-14
인천지하철1호선 센트럴파크역,인천광역시,연수구,35200,인천광역시 연수구 신송로 248,인천광역시 연수구 송도동 78,37.40327221,126.6416481,인천지하철1호선 센트럴파크역 지하1층 대합실,0:00,23:59,0:00,0:00,0:00,0:00,1,Y,N,인천광역시 연수구청,2025-01-14
인천지하철1호선 국제업무지구역,인천광역시,연수구,35200,인천광역시 연수구 신송로 248,인천광역시 연수구 송도동 78,37.40327221,126.6416481,인천지하철1호선 국제업무지구역 대합실 발매기 옆,0:00,23:59,0:00,0:00,0:00,0:00,1,Y,N,인천광역시 연수구청,2025-01-14
인천지하철1호선 송도달빛축제공원역,인천광역시,연수구,35200,인천광역시 연수구 신송로 248,인천광역시 연수구 송도동 340,37.40327221,126.6416481,인천지하철1호선 송도달빛축제공원역 대합실(화장실 근처),9:00,18:00,0:00,0:00,0:00,0:00,1,Y,N,인천광역시 연수구청,2025-01-14
인천장애인종합복지관체육관,인천광역시,연수구,35200,인천광역시 연수구 앵고개로 130,인천광역시 연수구 동춘동 778-1,37.41218,126.6590713,인천장애인종합복지관체육관 내,9:00,18:00,0:00,0:00,0:00,0:00,1,Y,N,인천광역시 연수구청,2025-01-14
동춘2동 행정복지센터,인천광역시,연수구,35200,인천광역시 연수구 신송로 248,인천광역시 연수구 동춘동 943-3,37.40327221,126.6416481,동춘2동 행정복지센터 정문 출입 후 왼쪽 공간,9:00,18:00,0:00,0:00,0:00,0:00,1,Y,N,인천광역시 연수구청,2025-01-14
송도4동 행정복지센터,인천광역시,연수구,35200,인천광역시 연수구 컨벤시아대로252번길 79,인천광역시 연수구 송도동 104-2,37.38816912,126.6297842,송도4동 행정복지센터 정문 입구 앞 복도,9:00,18:00,0:00,0:00,0:00,0:00,1,Y,N,인천광역시 연수구청,2025-01-14
송도5동 행정복지센터,인천광역시,연수구,35200,인천광역시 연수구 원인재로 315,인천광역시 연수구 송도동 317,37.42132237,126.6908761,송도5동 행정복지센터 정문 출입 후 우측,9:00,18:00,0:00,0:00,0:00,0:00,1,Y,N,인천광역시 연수구청,2025-01-14
연수주공1차 아파트 관리사무소,인천광역시,연수구,35200,인천광역시 연수구 원인재로 315,인천광역시 연수구 연수동 533,37.42132237,126.6908761,연수주공1차 아파트 관리사무소 옆,9:00,18:00,0:00,0:00,0:00,0:00,1,Y,N,인천광역시 연수구청,2025-01-14
적십자병원(경인권역재활병원),인천광역시,연수구,35200,인천광역시 연수구 원인재로 263,,37.41841971,126.6895851,적십자 병원 정문 입구 옆,9:00,18:00,0:00,0:00,0:00,0:00,1,Y,N,인천광역시 연수구청,2025-01-14
장애인보장구 수리센터,인천광역시,연수구,35200,인천광역시 연수구 원인재로 315,인천광역시 연수구 연수동 587-2,37.42132237,126.6908761,장애인보장구 수리센터,0:00,23:59,0:00,0:00,0:00,0:00,1,Y,N,인천광역시 연수구청,2025-01-14
논현고잔동행정복지센터,인천광역시,남동구,35300,인천광역시 남동구 앵고개로847번길 32 (논현동),인천광역시 남동구 논현동 744-4,37.39776762,126.7263901,1층 민원실밖 무인발급기 옆,9:00,18:00,0:00,0:00,0:00,0:00,1,Y,N,인천광역시 남동구청,2025-01-14
남동장애인종합복지관,인천광역시,남동구,35300,인천광역시 남동구 인주대로 898 (만수동),인천광역시 남동구 만수동 1007,37.44789883,126.7370578,1층 입구 자동문앞,0:00,23:59,0:00,0:00,0:00,0:00,1,Y,N,인천광역시 남동구청,2025-01-14
늘솔길근린공원,인천광역시,남동구,35300,인천광역시 남동구 앵고개로 771 (논현동),인천광역시 남동구 논현동 738-8,37.39176155,126.7217373,양떼목장 화장실 옆,0:00,23:59,0:00,0:00,0:00,0:00,1,Y,N,인천광역시 남동구청,2025-01-14
장아산근린공원,인천광역시,남동구,35300,인천광역시 남동구 서창남순환로 10번길 21-28 (서창동),인천광역시 남동구 만수동 1007,37.42468926,126.7533209,공원입구 관리사무소 앞,0:00,23:59,0:00,0:00,0:00,0:00,1,Y,N,인천광역시 남동구청,2025-01-14
인천대공원역,인천광역시,남동구,35300,인천광역시 남동구 수인로 3677 (장수동),인천광역시 남동구 장수동 606-9,37.44854249,126.7530631,지하2층 역무실 옆,9:00,18:00,0:00,0:00,0:00,0:00,1,Y,N,인천광역시 남동구청,2025-01-14
남동구청,인천광역시,남동구,35300,인천광역시 남동구 소래로 633 (만수동),인천광역시 남동구 만수동 1008,37.44738908,126.7306811,민원봉사과 여권접수대 맞은편(온풍기옆),9:00,18:00,0:00,0:00,0:00,0:00,1,Y,N,인천광역시 남동구청,2025-01-14
구월1동행정복지센터,인천광역시,남동구,35300,인천광역시 남동구 수인로 3677 (장수동),인천광역시 남동구 구월동 1484,37.44854249,126.7530332,1층 민원실 입구 소파옆,9:00,18:00,0:00,0:00,0:00,0:00,1,Y,N,인천광역시 남동구청,2025-01-14
구월2동행정복지센터,인천광역시,남동구,35300,인천광역시 남동구 구월로 208 (구월동),인천광역시 남동구 구월동 23-1,37.45611315,126.7133538,1층 민원실 입구 정수기옆,9:00,18:00,0:00,0:00,0:00,0:00,1,Y,N,인천광역시 남동구청,2025-01-14
간석2동행정복지센터,인천광역시,남동구,35300,인천광역시 남동구 남동대로916번길 47 (간석동),인천광역시 남동구 간석동 167-8,37.46398002,126.710947,1층 엘리베이터 앞,9:00,18:00,0:00,0:00,0:00,0:00,1,Y,N,인천광역시 남동구청,2025-01-14
간석3동행정복지센터,인천광역시,남동구,35300,인천광역시 남동구 용천로 186 (간석동),인천광역시 남동구 간석동 49-1,37.46611111,126.714686,1층 입구 왼쪽 엘리베이터 맞으편,9:00,18:00,0:00,0:00,0:00,0:00,1,Y,N,인천광역시 남동구청,2025-01-14
간석4동행정복지센터,인천광역시,남동구,35300,인천광역시 남동구 석정로 575 (간석동),인천광역시 남동구 간석동 612-1,37.467324,126.699152,1층 민원실 사회복지코너 상담실앞,9:00,18:00,0:00,0:00,0:00,0:00,1,Y,N,인천광역시 남동구청,2025-01-14
만수2동행정복지센터,인천광역시,남동구,35300,인천광역시 남동구 만수서로 46 (만수동),인천광역시 남동구 만수동 1116-2,37.4613873,126.7311568,1층 입구 오른쪽 공기청정기옆,9:00,18:00,0:00,0:00,0:00,0:00,1,Y,N,인천광역시 남동구청,2025-01-14
만수5동행정복지센터,인천광역시,남동구,35300,인천광역시 남동구 만경로 28번길 3(만수동),인천광역시 남동구 만수동 876,37.4577629,126.727742,2층 민원실 입구 오른쪽(시니어 행정도우미옆),9:00,18:00,0:00,0:00,0:00,0:00,1,Y,N,인천광역시 남동구청,2025-01-14
만수6동행정복지센터,인천광역시,남동구,35300,인천광역시 남동구 장승남로 47(만수동),인천광역시 남동구 만수동 1020,37.4437265,126.7376429,1층 민원실 밖 무인발급기옆(여자화장실옆),9:00,18:00,0:00,0:00,0:00,0:00,1,Y,N,인천광역시 남동구청,2025-01-14
장수서창동행정복지센터,인천광역시,남동구,35300,인천광역시 남동구 독곡로 28 (장수서창동),인천광역시 남동구 서창동 558-2,37.43588036,126.7473614,1층 비상계단옆,9:00,18:00,0:00,0:00,0:00,0:00,1,Y,N,인천광역시 남동구청,2025-01-14
서창2동행정복지센터,인천광역시,남동구,35300,인천광역시 남동구 서창남순환로 43 (서창동),인천광역시 남동구 서창동 683,37.42791756,126.7507057,1층 민원실 무인발급기옆,9:00,18:00,0:00,0:00,0:00,0:00,1,Y,N,인천광역시 남동구청,2025-01-14
남촌도림동행정복지센터,인천광역시,남동구,35300,"인천광역시 남동구 남촌동로25번길 43, 3층 (남촌동)",인천광역시 남동구 남촌동 309-2,37.43010131,126.7159454,1층 민원실 밖 무인발급기옆,0:00,23:59,0:00,0:00,0:00,0:00,1,Y,N,인천광역시 남동구청,2025-01-14
논현1동행정복지센터,인천광역시,남동구,35300,인천광역시 남동구 소래역로 115 (논현동),인천광역시 남동구 논현동 603-5,37.4056486,126.7293105,1층 민원실 밖 지상주차장 입구(벤치옆),0:00,23:59,0:00,0:00,0:00,0:00,1,Y,N,인천광역시 남동구청,2025-01-14
논현2동행정복지센터,인천광역시,남동구,35300,인천광역시 남동구 논현고잔로 248 (논현동),인천광역시 남동구 논현동 633-3,37.40422829,126.7163979,청사외부 무인발급기와 건물 사이,0:00,23:59,0:00,0:00,0:00,0:00,1,Y,N,인천광역시 남동구청,2025-01-14
모래내시장역,인천광역시,남동구,35300,인천광역시 남동구 소래역로 115 (논현동),인천광역시 남동구 구월동 341-6,37.40569003,126.7293204,지하2층 역무실 옆,0:00,23:59,0:00,0:00,0:00,0:00,1,Y,N,인천광역시 남동구청,2025-01-14
인천시청역(1호선),인천광역시,남동구,35300,인천광역시 남동구 소래역로 115 (논현동),인천광역시 남동구 간석동 927,37.40569003,126.7293204,지하3층 1호선 개찰구 송도방면,0:00,23:59,0:00,0:00,0:00,0:00,1,Y,N,인천광역시 남동구청,2025-01-14
인천시청역(2호선),인천광역시,남동구,35300,인천광역시 남동구 소래역로 115 (논현동),인천광역시 남동구 간석동 493-27,37.40569003,126.7293204,지하1층 역무실 왼편,0:00,23:59,0:00,0:00,0:00,0:00,1,Y,N,인천광역시 남동구청,2025-01-14
간석오거리역,인천광역시,남동구,35300,인천광역시 남동구 소래역로 115 (논현동),인천광역시 남동구 간석동 215-1,37.40569003,126.7293204,지하1층 화장실앞 스마트도서관,0:00,23:59,0:00,0:00,0:00,0:00,1,Y,N,인천광역시 남동구청,2025-01-14
예술회관역,인천광역시,남동구,35300,인천광역시 남동구 소래역로 115 (논현동),인천광역시 남동구 구월동 1408,37.40569003,126.7293204,지하1층 상향 에스컬레이터옆,0:00,23:59,0:00,0:00,0:00,0:00,1,Y,N,인천광역시 남동구청,2025-01-14
석천사거리역,인천광역시,남동구,35300,인천광역시 남동구 소래역로 115 (논현동),인천광역시 남동구 구월동 73-3,37.40569003,126.7293204,지하1층 대합실 4번출구 앞,0:00,23:59,0:00,0:00,0:00,0:00,1,Y,N,인천광역시 남동구청,2025-01-14
만수역,인천광역시,남동구,35300,인천광역시 남동구 구월로 367 (만수동),인천광역시 남동구 만수동 993,37.45493107,126.7310939,지하1층 대합실,0:00,23:59,0:00,0:00,0:00,0:00,1,Y,N,인천광역시 남동구청,2025-01-14
남동구청역,인천광역시,남동구,35300,인천광역시 남동구 소래역로 115 (논현동),인천광역시 남동구 만수동 1006,37.40569003,126.7293204,지하1층 대합실,0:00,23:59,0:00,0:00,0:00,0:00,1,Y,N,인천광역시 남동구청,2025-01-14
운연역,인천광역시,남동구,35300,인천광역시 남동구 매소홀로 1229 (운연동),인천광역시 남동구 운연동 131-7,37.43954766,126.7595329,지하1층 대합실,0:00,23:59,0:00,0:00,0:00,0:00,1,Y,N,인천광역시 남동구청,2025-01-14
논현종합사회복지관,인천광역시,남동구,35300,인천광역시 남동구 호구포로 292,인천광역시 남동구 논현동 581-4,37.40816389,126.713242,1층 로비 화장실쪽 복도,0:00,23:59,0:00,0:00,0:00,0:00,1,Y,N,인천광역시 남동구청,2025-01-14
간석건강생활지원센터,인천광역시,남동구,35300,인천광역시 남동구 간석로 41번길 18,인천광역시 남동구 간석동 89-2,37.4674102,126.7130095,센터 후문 오른쪽,0:00,23:59,0:00,0:00,0:00,0:00,1,Y,N,인천광역시 남동구청,2025-01-14
인천시청,인천광역시,남동구,35300,인천광역시 남동구 정각로 29,,37.45625626,126.7047028,본관1층 동측,0:00,23:59,0:00,0:00,0:00,0:00,1,Y,N,인천광역시 남동구청,2025-01-14
인천시의회,인천광역시,남동구,35300,인천광역시 남동구 정각로 29,,37.45625626,126.7047028,의회1층,9:00,23:59,0:00,0:00,0:00,0:00,1,Y,N,인천광역시 남동구청,2025-01-14
부평구청역,인천광역시,부평구,35300,인천광역시 부평구 평천로 447,인천광역시 부평구 청천동 112-1,37.51796068,126.7404915,역 고객쉼터(지하1층),9:00,23:59,0:00,0:00,0:00,0:00,1,Y,N,인천광역시 부평구청,2025-01-14
부평시장역,인천광역시,부평구,35300,인천광역시 부평구 부평대로 69,인천광역시 부평구 부평동 126-10,37.49461123,126.7266045,역 지하1층,9:00,23:59,0:00,0:00,0:00,0:00,1,Y,N,인천광역시 부평구청,2025-01-14
부평역,인천광역시,부평구,35300,인천광역시 부평구 평천로 447,인천광역시 부평구 부평동 126-10,37.51796068,126.7404915,역 고객안내센터 앞(2차2층),9:00,23:59,0:00,0:00,0:00,0:00,1,Y,N,인천광역시 부평구청,2025-01-14
동수역,인천광역시,부평구,35300,인천광역시 부평구 경인로 877,인천광역시 부평구 부평동 686,37.48731856,126.7268651,역 발매기 옆 고객쉼터(지하1층),9:00,23:59,0:00,0:00,0:00,0:00,1,Y,N,인천광역시 부평구청,2025-01-14
인천광역시 부평구 부개3동행정복지센터,인천광역시,부평구,35300,인천광역시 부평구 길주남로 117,인천광역시 부평구 부개동 12-17,37.50431413,126.7347039,행정복지센터 민원대 앞,9:00,23:59,0:00,0:00,0:00,0:00,1,Y,N,인천광역시 부평구청,2025-01-14
부평공원,인천광역시,부평구,35300,인천광역시 부평구 안남로 63,인천광역시 부평구 부평동 299,37.48882209,126.712298,"소나무화장실앞, 포플러화장실앞 각1대",9:00,23:59,0:00,0:00,0:00,0:00,2,Y,N,인천광역시 부평구청,2025-01-14
원적산공원,인천광역시,부평구,35300,인천광역시 부평구 세월천로 139-4,인천광역시 부평구 산곡동 80-99,37.51392485,126.6939818,"광장화장실, 동문화장실 근처 각 1대",9:00,23:59,0:00,0:00,0:00,0:00,2,Y,N,인천광역시 부평구청,2025-01-14
갈산역,인천광역시,부평구,35300,인천광역시 부평구 주부토로 295-7,인천광역시 부평구 갈산동 112-1,37.52061165,126.7284472,역 지하1층,9:00,23:59,0:00,0:00,0:00,0:00,1,Y,N,인천광역시 부평구청,2025-01-14
부평삼거리역,인천광역시,부평구,35300,인천광역시 부평구 경인로 765,인천광역시 부평구 십정동 592,37.47776304,126.7102665,역 발매기 앞(지하1층),9:00,18:00,0:00,0:00,0:00,0:00,1,Y,N,인천광역시 부평구청,2025-01-14
인천광역시 부평구 부평6동행정복지센터,인천광역시,부평구,35300,인천광역시 부평구 동수로 70,인천광역시 부평구 부평동 663-23,37.4851511,126.7265947,행정복지센터 민원대 앞,9:00,18:00,0:00,0:00,0:00,0:00,1,Y,N,인천광역시 부평구청,2025-01-14
인천광역시 부평구 청천2동행정복지센터,인천광역시,부평구,35300,인천광역시 부평구 마장로410번길 5,인천광역시 부평구 청천동 178-43,37.51487435,126.7045381,행정복지센터 및 청천보건지소 공동이용 복도,9:00,18:00,0:00,0:00,0:00,0:00,1,Y,N,인천광역시 부평구청,2025-01-14
인천광역시 부평구 갈산1동행정복지센터,인천광역시,부평구,35300,인천광역시 부평구 주부토로 254,인천광역시 부평구 갈산동 74-19,37.51759568,126.7271369,행정복지센터 민원대 앞,9:00,18:00,0:00,0:00,0:00,0:00,1,Y,N,인천광역시 부평구청,2025-01-14
인천광역시 부평구 부평1동행정복지센터,인천광역시,부평구,35300,인천광역시 부평구 부평문화로37번길 1,인천광역시 부평구 부평동 70-126,37.49421434,126.7200663,행정복지센터 민원대 앞,9:00,18:00,0:00,0:00,0:00,0:00,1,Y,N,인천광역시 부평구청,2025-01-14
인천광역시 부평구 십정1동행정복지센터,인천광역시,부평구,35300,인천광역시 부평구 열우물로 103,인천광역시 부평구 십정동 279-20,37.4758035,126.6961225,행정복지센터 엘리베이터 앞(2층),9:00,18:00,0:00,0:00,0:00,0:00,1,Y,N,인천광역시 부평구청,2025-01-14
부평장애인종합사회복지관,인천광역시,부평구,35300,인천광역시 부평구 일신로 25,인천광역시 부평구 일신동 62,37.48305059,126.7462664,1층 안내데스크 옆,9:00,18:00,0:00,0:00,0:00,0:00,1,Y,N,인천광역시 부평구청,2025-01-14
인천나비공원,인천광역시,부평구,35300,인천광역시 부평구 평천로 26-47(청천동),인천광역시 부평구 일신동 62,37.52026697,126.6927245,1층 안내데스크 옆,9:00,23:59,0:00,0:00,0:00,0:00,1,Y,N,인천광역시 부평구청,2025-01-14
산곡역,인천광역시,부평구,35300,인천광역시 부평구 길주로 지하379,,37.50852209,126.7035616,지하1층 쉼터,9:00,23:59,0:00,0:00,0:00,0:00,1,Y,N,인천광역시 부평구청,2025-01-14
청천1동 행정복지센터,인천광역시,부평구,35300,인천광역시 부평구 산청로 119,,37.51977694,126.7020838,현관문 앞,9:00,21:00,0:00,0:00,0:00,0:00,1,Y,N,인천광역시 부평구청,2025-01-14
부평국민체육센터,인천광역시,부평구,35300,인천광역시 부평구 부평대로296번길37,,37.51858437,126.7240433,출입문 앞,9:00,23:59,0:00,0:00,0:00,0:00,1,Y,N,인천광역시 부평구청,2025-01-14
시냇물공원,인천광역시,부평구,35300,인천광역시 부평구 충선로262-1,,37.51277232,126.7363686,공용화장실 앞,9:00,23:59,0:00,0:00,0:00,0:00,1,Y,N,인천광역시 부평구청,2025-01-14
뫼골공원,인천광역시,부평구,35300,인천광역시 부평구 세월천로82,,37.51388978,126.7007667,공용화장실 앞,9:00,23:59,0:00,0:00,0:00,0:00,1,Y,N,인천광역시 부평구청,2025-01-14
부평남부체육센터,인천광역시,부평구,35300,인천광역시 부평구 동수로66,,37.48205171,126.7264313,지하1층 로비,9:00,21:00,0:00,0:00,0:00,0:00,1,Y,N,인천광역시 부평구청,2025-01-14
굴포천역,인천광역시,부평구,35300,인천광역시 부평구 길주로623,,37.5065825,126.7419066,대합실 현금인출기 옆,5:30,23:59,0:00,0:00,0:00,0:00,1,Y,N,인천광역시 부평구청,2025-01-14
삼산체육관역,인천광역시,부평구,35300,인천광역시 부평구 길주로713,,37.5065825,126.7419066,"편의점 옆 1,2번 출구 방향",5:30,23:59,0:00,0:00,0:00,0:00,1,Y,N,인천광역시 부평구청,2025-01-14
동암역,인천광역시,부평구,35300,인천광역시 부평구 동암광장로10,,37.47100567,126.7029352,맞이방 자동발매기 옆,5:30,23:59,0:00,0:00,0:00,0:00,1,Y,N,인천광역시 부평구청,2025-01-14
백운역,인천광역시,부평구,35300,인천광역시 부평구 마장로55번길14,,37.48326568,126.7071657,3번출구 옆 공중전화기 옆,5:30,23:59,0:00,0:00,0:00,0:00,1,Y,N,인천광역시 부평구청,2025-01-14
계산2동 행정복지센터,인천광역시,계양구,35500,인천광역시 계양구 주부토로 559(계산동),인천광역시 계양구 계산동 920,37.54420926,126.7281415,1층 민원실,9:00,18:00,0:00,0:00,0:00,0:00,1,Y,N,인천광역시 계양구청,2025-01-14
계산3동행정복지센터,인천광역시,계양구,35500,인천광역시 계양구 계산새로 7(계산동),인천광역시 계양구 계산동 480-7,37.537759,126.728978,무인민원발급기 옆,0:00,23:59,0:00,0:00,0:00,0:00,1,Y,N,인천광역시 계양구청,2025-01-14
작전1동 행정복지센터,인천광역시,계양구,35500,인천광역시 계양구 봉오대로 727(작전동),인천광역시 계양구 작전동 231-1,37.530757,126.729686,1층 로비,9:00,18:00,0:00,0:00,0:00,0:00,1,Y,N,인천광역시 계양구청,2025-01-14
작전2동 행정복지센터,인천광역시,계양구,35500,인천광역시 계양구 봉오대로677번길 23(작전동),인천광역시 계양구 작전동 854-11,37.532912,126.723909,무인택배함 옆,9:00,18:00,0:00,0:00,0:00,0:00,1,Y,N,인천광역시 계양구청,2025-01-14
작전서운동 행정복지센터,인천광역시,계양구,35500,인천광역시 계양구 효서로 361(작전동),인천광역시 계양구 작전동 918-2,37.528104,126.7364231,1층 출입구,0:00,23:59,0:00,0:00,0:00,0:00,1,Y,N,인천광역시 계양구청,2025-01-14
계양2동 행정복지센터,인천광역시,계양구,35500,인천광역시 계양구 장제로 853(임학동),인천광역시 계양구 임학동 69-23,37.543767,126.7370305,무인민원발급기 옆,0:00,23:59,0:00,0:00,0:00,0:00,1,Y,N,인천광역시 계양구청,2025-01-14
계양3동 행정복지센터,인천광역시,계양구,35500,인천광역시 계양구 양지로 31(동양동),인천광역시 계양구 동양동 607-2,37.561578,126.754899,1층 로비,9:00,18:00,0:00,0:00,0:00,0:00,1,Y,N,인천광역시 계양구청,2025-01-14
노틀담복지관,인천광역시,계양구,35500,인천광역시 계양구 계양산로35번길 12-37,인천광역시 계양구 계산동 산40,37.545278,126.717463,개방운동실 앞 복도,9:00,18:00,0:00,0:00,0:00,0:00,1,Y,N,인천광역시 계양구청,2025-01-14
계양역,인천광역시,계양구,35500,인천광역시 계양구 다남로 24,인천광역시 계양구 귤현동 451-264,37.571645,126.736023,지상1층 화장실 입구,5:30,23:59,0:00,0:00,0:00,0:00,1,Y,N,인천광역시 계양구청,2025-01-14
귤현역,인천광역시,계양구,35500,인천광역시 계양구 장제로 1136,인천광역시 계양구 귤현동 334-1,37.566414,126.742647,지상2층 게이트 밖,5:30,23:59,0:00,0:00,0:00,0:00,1,Y,N,인천광역시 계양구청,2025-01-14
박촌역,인천광역시,계양구,35500,인천광역시 계양구 장제로 지하 992,인천광역시 계양구 박촌동 101-8,37.553578,126.744932,지하1층 역무실 맞은편,5:30,23:59,0:00,0:00,0:00,0:00,1,Y,N,인천광역시 계양구청,2025-01-14
임학역,인천광역시,계양구,35500,인천광역시 계양구 장제로 지하 875,인천광역시 계양구 임학동 93,37.54723227,126.7403046,지하1층 역무실 맞은편,5:30,23:59,0:00,0:00,0:00,0:00,1,Y,N,인천광역시 계양구청,2025-01-14
계산4동 행정복지센터,인천광역시,계양구,35500,인천광역시 계양구 용종로 12-8,인천광역시 계양구 계산동 1086-1,37.534507,126.741707,1층 민원실,9:00,18:00,0:00,0:00,0:00,0:00,1,Y,N,인천광역시 계양구청,2025-01-14
계양1동 행정복지센터,인천광역시,계양구,35500,인천광역시 계양구 장제로 1285,인천광역시 계양구 장기동 129,37.57709007,126.733483,3층 출입구,9:00,18:00,0:00,0:00,0:00,0:00,1,Y,N,인천광역시 계양구청,2025-01-14
사회복지회관,인천광역시,계양구,35500,인천광역시 계양구 계양산로102번길 5,인천광역시 계양구 계산동 906,37.547444,126.727095,1층 로비,9:00,18:00,0:00,0:00,0:00,0:00,1,Y,N,인천광역시 계양구청,2025-01-14
계산노인문화센터,인천광역시,계양구,35500,인천광역시 계양구 경명대로 980(계산동),인천광역시 계양구 계산동 885-24,37.543628,126.715609,출입구 로비,9:00,18:00,0:00,0:00,0:00,0:00,1,Y,N,인천광역시 계양구청,2025-01-14
청소년수련관,인천광역시,계양구,35500,인천광역시 계양구 장제로 937(방축동),인천광역시 계양구 방축동 214,37.550132,126.741986,1층 로비,9:00,18:00,0:00,0:00,0:00,0:00,1,Y,N,인천광역시 계양구청,2025-01-14
계양종합사회복지관,인천광역시,계양구,35500,인천광역시 계양구 아나지로 517(서운동),인천광역시 계양구 서운동 130-5,37.526032,126.750287,1층 출입구,9:00,18:00,0:00,0:00,0:00,0:00,1,Y,N,인천광역시 계양구청,2025-01-14
효성도서관,인천광역시,계양구,35500,인천광역시 계양구 봉오대로600번길 14(효성동),인천광역시 계양구 효성동 665-11,37.52913729,126.715001,1층 출입구,6:00,22:00,0:00,0:00,0:00,0:00,1,Y,N,인천광역시 계양구청,2025-01-14
계산역,인천광역시,계양구,35500,인천광역시 계양구 경명대로 지하 1089,인천광역시 계양구 계산동 1014,37.54363284,126.7240393,지하1층 엘리베이터 옆,5:30,23:59,0:00,0:00,0:00,0:00,1,Y,N,인천광역시 계양구청,2025-01-14
경인교대입구역,인천광역시,계양구,35500,인천광역시 계양구 계양대로 지하 162,인천광역시 계양구 계산동 1034,37.53825089,126.7224133,지하2층 역무실 옆,5:30,23:59,0:00,0:00,0:00,0:00,1,Y,N,인천광역시 계양구청,2025-01-14
작전역,인천광역시,계양구,35500,인천광역시 계양구 계양대로 지하 73,인천광역시 계양구 작전동 878,37.53105689,126.7227291,지하1층 역무실 부근,5:30,23:59,0:00,0:00,0:00,0:00,1,Y,N,인천광역시 계양구청,2025-01-14
계양구청,인천광역시,계양구,35500,인천광역시 계양구 계산새로 88(계산동),인천광역시 계양구 계산동 1079-1,37.537442,126.737759,1층 중앙 로비 입구,0:00,23:59,0:00,0:00,0:00,0:00,1,Y,N,인천광역시 계양구청,2025-01-14
효성1동 행정복지센터,인천광역시,계양구,35500,인천광역시 계양구 봉오대로569번길 22(효성동),인천광역시 계양구 효성동 23-28,37.532424,126.7121341,1층 민원실 입구,9:00,18:00,0:00,0:00,0:00,0:00,1,Y,N,인천광역시 계양구청,2025-01-14
효성2동 행정복지센터,인천광역시,계양구,35500,인천광역시 계양구 아나지로 162(효성동),인천광역시 계양구 효성동 331-8,37.525051,126.709819,1층 계단옆,9:00,18:00,0:00,0:00,0:00,0:00,1,Y,N,인천광역시 계양구청,2025-01-14
계산1동행정복지센터,인천광역시,계양구,35500,인천광역시 계양구 향교로 24(계산동),인천광역시 계양구 계산동 972-1,37.539606,126.7213477,1층 민원실 입구,9:00,18:00,0:00,0:00,0:00,0:00,1,Y,N,인천광역시 계양구청,2025-01-14
청라2동 행정복지센터,인천광역시,서구,35600,인천광역시 서구 청라커낼로 269,인천광역시 서구 청라동 155-14,37.53264131,126.6441471,1층 민원실 내,9:00,18:00,0:00,0:00,0:00,0:00,1,Y,N,인천광역시 서구청,2025-01-14
가정1동 행정복지센터,인천광역시,서구,35600,인천광역시 서구 염곡로464번길 11,인천광역시 서구 가정동 619-6,37.52641513,126.6705158,1층 민원실 내,9:00,18:00,0:00,0:00,0:00,0:00,1,Y,N,인천광역시 서구청,2025-01-14
검암경서동 행정복지센터,인천광역시,서구,35600,인천광역시 서구 승학로 480,인천광역시 서구 검암동 606-8,37.56441872,126.673601,1층 민원실 내,9:00,18:00,0:00,0:00,0:00,0:00,1,Y,N,인천광역시 서구청,2025-01-14
연희동 행정복지센터,인천광역시,서구,35600,인천광역시 서구 간촌로 12,인천광역시 서구 연희동 712,37.54899846,126.6782282,1층 민원실 내,9:00,18:00,0:00,0:00,0:00,0:00,1,Y,N,인천광역시 서구청,2025-01-14
청라1동 행정복지센터,인천광역시,서구,35600,인천광역시 서구 청라라임로 58,인천광역시 서구 청라동 165-5,37.53265854,126.6537394,1층 민원실 내,9:00,18:00,0:00,0:00,0:00,0:00,1,Y,N,인천광역시 서구청,2025-01-14
가정2동 행정복지센터,인천광역시,서구,35600,인천광역시 서구 봉오대로267번길 10,인천광역시 서구 가정동 284-338,37.52509167,126.6801348,1층 민원실 내,9:00,18:00,0:00,0:00,0:00,0:00,1,Y,N,인천광역시 서구청,2025-01-14
가정3동 행정복지센터,인천광역시,서구,35600,인천광역시 서구 서달로179번길 12-16,인천광역시 서구 가정동 565-4,37.51554696,126.6778363,1층 민원실 내,9:00,18:00,0:00,0:00,0:00,0:00,1,Y,N,인천광역시 서구청,2025-01-14
신현원창동 행정복지센터,인천광역시,서구,35600,인천광역시 서구 가정로335번길 3,인천광역시 서구 신현동 294,37.51460915,126.6722848,1층 민원실 내,9:00,18:00,0:00,0:00,0:00,0:00,1,Y,N,인천광역시 서구청,2025-01-14
석남1동 행정복지센터,인천광역시,서구,35600,인천광역시 서구 가정로294번길 17,인천광역시 서구 석남동 465-3,37.51118138,126.6747559,1층 민원실 내,9:00,18:00,0:00,0:00,0:00,0:00,1,Y,N,인천광역시 서구청,2025-01-14
석남2동 행정복지센터,인천광역시,서구,35600,인천광역시 서구 거북로 116,인천광역시 서구 석남동 573,37.50250466,126.6746007,1층 민원실 내,9:00,18:00,0:00,0:00,0:00,0:00,1,Y,N,인천광역시 서구청,2025-01-14
석남3동 행정복지센터,인천광역시,서구,35600,인천광역시 서구 서달로 107,인천광역시 서구 석남동 488-23,37.50820266,126.6782976,1층 민원실 내,9:00,18:00,0:00,0:00,0:00,0:00,1,Y,N,인천광역시 서구청,2025-01-14
가좌1동 행정복지센터,인천광역시,서구,35600,인천광역시 서구 가정로112번길 10,인천광역시 서구 가좌동 145-19,37.49434393,126.672588,1층 민원실 내,9:00,18:00,0:00,0:00,0:00,0:00,1,Y,N,인천광역시 서구청,2025-01-14
가좌2동 행정복지센터,인천광역시,서구,35600,인천광역시 서구 장고개로309번길 4,인천광역시 서구 가좌동 30-105,37.49085455,126.6848496,1층 민원실 내,9:00,18:00,0:00,0:00,0:00,0:00,1,Y,N,인천광역시 서구청,2025-01-14
가좌3동 행정복지센터,인천광역시,서구,35600,인천광역시 서구 원적로57번길 4,인천광역시 서구 가좌동 212-13,37.49250983,126.6800417,1층 민원실 내,9:00,18:00,0:00,0:00,0:00,0:00,1,Y,N,인천광역시 서구청,2025-01-14
가좌4동 행정복지센터,인천광역시,서구,35600,인천광역시 서구 장고개로280번길 14,인천광역시 서구 가좌동 335-2,37.48748624,126.683403,1층 민원실 내,9:00,18:00,0:00,0:00,0:00,0:00,1,Y,N,인천광역시 서구청,2025-01-14
검단동 행정복지센터,인천광역시,서구,35600,인천광역시 서구 검단로529번길 14,인천광역시 서구 마전동 927-4,37.60508357,126.6618003,1층 민원실 내,9:00,18:00,0:00,0:00,0:00,0:00,1,Y,N,인천광역시 서구청,2025-01-14
원당동 행정복지센터,인천광역시,서구,35600,인천광역시 서구 고산로 24,인천광역시 서구 원당동 853-1,37.59507709,126.7017045,1층 민원실 내,9:00,18:00,0:00,0:00,0:00,0:00,1,Y,N,인천광역시 서구청,2025-01-14
당하동 행정복지센터,인천광역시,서구,35600,인천광역시 서구 청마로167번길 19,인천광역시 서구 당하동 1097-4,37.59210015,126.6746255,1층 민원실 내,9:00,18:00,0:00,0:00,0:00,0:00,1,Y,N,인천광역시 서구청,2025-01-14
검단오류역,인천광역시,서구,35600,인천광역시 서구 검단로 187,인천광역시 서구 오류동 1783,37.59496672,126.6279671,지상2층 게이트 안쪽 가운데 벽면,9:00,18:00,0:00,0:00,0:00,0:00,1,Y,N,인천광역시 서구청,2025-01-14
왕길역,인천광역시,서구,35600,인천광역시 서구 청마로167번길 19,인천광역시 서구 왕길동 435-17,37.59210015,126.6746299,지상1층 게이트 안쪽 창고 옆,9:00,18:00,0:00,0:00,0:00,0:00,1,Y,N,인천광역시 서구청,2025-01-14
검단사거리역,인천광역시,서구,35600,인천광역시 서구 검단로 473,인천광역시 서구 왕길동 234-9,37.60167498,126.6564585,지하1층 게이트 안쪽 운연방향 E/S 옆,9:00,18:00,0:00,0:00,0:00,0:00,1,Y,N,인천광역시 서구청,2025-01-14
마전역,인천광역시,서구,35600,인천광역시 서구 완정로 68,인천광역시 서구 마전동 1084,37.5977252,126.667137,지하1층 1번출구 임대상가 앞,9:00,18:00,0:00,0:00,0:00,0:00,1,Y,N,인천광역시 서구청,2025-01-14
완정역,인천광역시,서구,35600,인천광역시 서구 원당대로 650,인천광역시 서구 당하동 1077-10,37.59293488,126.6731833,지하1층 게이트 안쪽 수유실 옆,9:00,18:00,0:00,0:00,0:00,0:00,1,Y,N,인천광역시 서구청,2025-01-14
독정역,인천광역시,서구,35600,인천광역시 서구 서곶로 760,인천광역시 서구 당하동 873-3,37.58496948,126.6759831,지하1층 2번출구 자동문 앞,9:00,18:00,0:00,0:00,0:00,0:00,1,Y,N,인천광역시 서구청,2025-01-14
검암역,인천광역시,서구,35600,인천광역시 서구 검바위로 4,인천광역시 서구 검암동 370-25,37.56876146,126.6754722,지상2층 게이트 좌측,9:00,18:00,0:00,0:00,0:00,0:00,1,Y,N,인천광역시 서구청,2025-01-14
검바위역,인천광역시,서구,35600,인천광역시 서구 서곶로 492,인천광역시 서구 검암동 244-24,37.56122795,126.6775452,지상2층 대합실 정산기 옆,9:00,18:00,0:00,0:00,0:00,0:00,1,Y,N,인천광역시 서구청,2025-01-14
아시아드경기장역,인천광역시,서구,35600,인천광역시 서구 서곶로 382,인천광역시 서구 연희동 94-6,37.55133706,126.6770966,지하1층 4번출구 자동문 앞,9:00,18:00,0:00,0:00,0:00,0:00,1,Y,N,인천광역시 서구청,2025-01-14
서구청역,인천광역시,서구,35600,인천광역시 서구 서곶로 294,인천광역시 서구 심곡동 산 7-4,37.54395416,126.6768454,지하1층 게이트 안쪽 운연방향 E/V 옆,9:00,18:00,0:00,0:00,0:00,0:00,1,Y,N,인천광역시 서구청,2025-01-14
가정역,인천광역시,서구,35600,인천광역시 서구 봉오대로 234,인천광역시 서구 가정동 570,37.52470809,126.6752851,지하1층 3번출구 게이트 안쪽 우측,9:00,18:00,0:00,0:00,0:00,0:00,1,Y,N,인천광역시 서구청,2025-01-14
가정중앙시장역,인천광역시,서구,35600,인천광역시 서구 가남로 400,인천광역시 서구 가정동 581-2,37.51757789,126.67684,지하1층 2번출구 임대상가 옆 기둥,9:00,18:00,0:00,0:00,0:00,0:00,1,Y,N,인천광역시 서구청,2025-01-14
석남역,인천광역시,서구,35600,인천광역시 서구 가석로 257,인천광역시 서구 석남동 600,37.5070671,126.6762537,지하1층 현금지급기 옆,9:00,18:00,0:00,0:00,0:00,0:00,1,Y,N,인천광역시 서구청,2025-01-14
서부여성회관역,인천광역시,서구,35600,인천광역시 서구 가석로 169,인천광역시 서구 석남동 600,37.50025173,126.6758537,지하1층 2번출구 방향 E/V 옆,9:00,18:00,0:00,0:00,0:00,0:00,1,Y,N,인천광역시 서구청,2025-01-14
인천가좌역,인천광역시,서구,35600,인천광역시 서구 가석로 67,인천광역시 서구 가좌동 216,37.49007763,126.6752728,지하1층 1번출구 벤치 옆,9:00,18:00,0:00,0:00,0:00,0:00,1,Y,N,인천광역시 서구청,2025-01-14
가재울역,인천광역시,서구,35600,인천광역시 서구 열우물로 252,인천광역시 서구 가좌동 305-5,37.48412624,126.6838511,지하1층 대합실 발매기 옆,9:00,18:00,0:00,0:00,0:00,0:00,1,Y,N,인천광역시 서구청,2025-01-14
주안국가산단역,인천광역시,서구,35600,인천광역시 서구 청마로167번길 19,인천광역시 서구 가좌동 606-40,37.59210015,126.6746299,지하1층 2번출구 방면 벽면,9:00,18:00,0:00,0:00,0:00,0:00,1,Y,N,인천광역시 서구청,2025-01-14
청라3동행정복지센터,인천광역시,서구,35600,인천광역시 서구 청마로167번길 19,인천광역시 서구 청라동1-786,37.59210015,126.6746299,센터 내 엘리베이터 옆,9:00,18:00,0:00,0:00,0:00,0:00,1,Y,N,인천광역시 서구청,2025-01-14
오류왕길동행정복지센터,인천광역시,서구,35600,인천광역시 서구 봉화로42,인천광역시 서구 왕길동 692-5,37.59701626,126.6376311,센터 건물 정문 왼쪽,9:00,18:00,0:00,0:00,0:00,0:00,1,Y,N,인천광역시 서구청,2025-01-14
인천서구장애인자립생활센터,인천광역시,서구,35600,인천광역시 서구 봉화로42,인천광역시 서구 검암동 596-3,37.59701626,126.6376311,건물 4층 센터 내,9:00,18:00,0:00,0:00,0:00,0:00,1,Y,N,인천광역시 서구청,2025-01-14
마전동게이트볼장,인천광역시,서구,35600,인천광역시 서구 봉화로42,인천광역시 서구 마전동 905-6,37.59701626,126.6376311,2층 엘리베이터 옆,9:00,18:00,0:00,0:00,0:00,0:00,1,Y,N,인천광역시 서구청,2025-01-14
가좌이음숲,인천광역시,서구,35600,인천광역시 서구 봉화로42,인천광역시 서구 가좌동 376-1,37.59701626,126.6376311,공원 화장실 옆,0:00,23:59,0:00,0:00,0:00,0:00,1,Y,N,인천광역시 서구청,2025-01-14
건지공원,인천광역시,서구,35600,인천광역시 서구 봉화로42,인천광역시 서구 가좌동 198-11,37.59701626,126.6376311,공원 화장실 옆,0:00,23:59,0:00,0:00,0:00,0:00,1,Y,N,인천광역시 서구청,2025-01-14
감중공원,인천광역시,서구,35600,인천광역시 서구 봉화로42,인천광역시 서구 가좌동 157,37.59701626,126.6376311,공원 화장실 옆,0:00,23:59,0:00,0:00,0:00,0:00,1,Y,N,인천광역시 서구청,2025-01-14
서곶그린공원,인천광역시,서구,35600,인천광역시 서구 봉화로42,인천광역시 서구 연희동 산50,37.59701626,126.6376311,공원 화장실 옆,0:00,23:59,0:00,0:00,0:00,0:00,1,Y,N,인천광역시 서구청,2025-01-14
중동공원(가좌2동체육근린공원),인천광역시,서구,35600,인천광역시 서구 봉화로42,인천광역시 서구 가좌동 219,37.59701626,126.6376311,공원 화장실 옆,0:00,23:59,0:00,0:00,0:00,0:00,1,Y,N,인천광역시 서구청,2025-01-14
경서근린공원,인천광역시,서구,35600,인천광역시 서구 봉화로42,인천광역시 서구 경서동 996,37.59701626,126.6376311,공원 화장실 옆,0:00,23:59,0:00,0:00,0:00,0:00,1,Y,N,인천광역시 서구청,2025-01-14
쑥공원,인천광역시,서구,35600,인천광역시 서구 봉화로42,인천광역시 서구 청라동 8-126,37.59701626,126.6376311,공원 화장실 옆,0:00,23:59,0:00,0:00,0:00,0:00,1,Y,N,인천광역시 서구청,2025-01-14
원신근린공원,인천광역시,서구,35600,인천광역시 서구 봉화로42,인천광역시 서구 신현동 산 33,37.59701626,126.6376311,공원 화장실 옆,0:00,23:59,0:00,0:00,0:00,0:00,1,Y,N,인천광역시 서구청,2025-01-14
능내근린공원,인천광역시,서구,35600,인천광역시 서구 검단로 540번길 41,인천광역시 서구 마전동 657-11,37.60135433,126.6668968,공원 화장실 옆,0:00,23:59,0:00,0:00,0:00,0:00,1,Y,N,인천광역시 서구청,2025-01-14
